path,start,end,x_pix,y_pix
/leonardo_scratch/fast/IscrC_SAME-D/airmass/12-10-2010_1900_213_0,1,16,75.0,160.0
/leonardo_scratch/fast/IscrC_SAME-D/airmass/12-10-2010_2000_213_0,1,16,73.0,161.0
/leonardo_scratch/fast/IscrC_SAME-D/airmass/12-10-2010_2100_213_0,1,16,70.0,164.0
/leonardo_scratch/fast/IscrC_SAME-D/airmass/12-10-2010_2200_213_0,1,16,67.0,168.0
/leonardo_scratch/fast/IscrC_SAME-D/airmass/12-10-2010_2300_213_0,1,16,66.0,171.0
/leonardo_scratch/fast/IscrC_SAME-D/airmass/13-10-2010_0000_213_0,1,16,67.0,174.0
/leonardo_scratch/fast/IscrC_SAME-D/airmass/13-10-2010_0100_213_0,1,16,68.0,177.0
/leonardo_scratch/fast/IscrC_SAME-D/airmass/13-10-2010_0200_213_0,1,16,71.0,180.0
/leonardo_scratch/fast/IscrC_SAME-D/airmass/13-10-2010_0300_213_0,1,16,74.0,183.0
/leonardo_scratch/fast/IscrC_SAME-D/airmass/13-10-2010_0400_213_0,1,16,79.0,185.0
/leonardo_scratch/fast/IscrC_SAME-D/airmass/13-10-2010_0500_213_0,1,16,83.0,188.0
/leonardo_scratch/fast/IscrC_SAME-D/airmass/13-10-2010_0600_213_0,1,16,87.0,191.0
/leonardo_scratch/fast/IscrC_SAME-D/airmass/13-10-2010_0700_213_0,1,16,91.0,193.0
/leonardo_scratch/fast/IscrC_SAME-D/airmass/13-10-2010_0800_213_0,1,16,96.0,196.0
/leonardo_scratch/fast/IscrC_SAME-D/airmass/13-10-2010_0900_213_0,1,16,103.0,199.0
/leonardo_scratch/fast/IscrC_SAME-D/airmass/13-10-2010_1000_213_0,1,16,111.0,202.0
/leonardo_scratch/fast/IscrC_SAME-D/airmass/13-10-2010_1100_213_0,1,16,120.0,204.0
/leonardo_scratch/fast/IscrC_SAME-D/airmass/13-10-2010_1200_213_0,1,16,130.0,206.0
/leonardo_scratch/fast/IscrC_SAME-D/airmass/13-10-2010_1300_213_0,1,16,140.0,207.0
/leonardo_scratch/fast/IscrC_SAME-D/airmass/13-10-2010_0900_213_196,1,16,103.0,3.0
/leonardo_scratch/fast/IscrC_SAME-D/airmass/13-10-2010_1000_213_196,1,16,111.0,6.0
/leonardo_scratch/fast/IscrC_SAME-D/airmass/13-10-2010_1100_213_196,1,16,120.0,8.0
/leonardo_scratch/fast/IscrC_SAME-D/airmass/13-10-2010_1200_213_196,1,16,130.0,10.0
/leonardo_scratch/fast/IscrC_SAME-D/airmass/06-11-2011_0200_213_0,1,16,167.0,112.0
/leonardo_scratch/fast/IscrC_SAME-D/airmass/06-11-2011_0300_213_0,1,16,164.0,114.0
/leonardo_scratch/fast/IscrC_SAME-D/airmass/06-11-2011_0400_213_0,1,16,161.0,115.0
/leonardo_scratch/fast/IscrC_SAME-D/airmass/06-11-2011_0500_213_0,1,16,159.0,117.0
/leonardo_scratch/fast/IscrC_SAME-D/airmass/06-11-2011_0600_213_0,1,16,158.0,119.0
/leonardo_scratch/fast/IscrC_SAME-D/airmass/06-11-2011_0700_213_0,1,16,157.0,120.0
/leonardo_scratch/fast/IscrC_SAME-D/airmass/06-11-2011_0800_213_0,1,16,154.0,122.0
/leonardo_scratch/fast/IscrC_SAME-D/airmass/06-11-2011_0900_213_0,1,16,151.0,125.0
/leonardo_scratch/fast/IscrC_SAME-D/airmass/06-11-2011_1000_213_0,1,16,147.0,128.0
/leonardo_scratch/fast/IscrC_SAME-D/airmass/06-11-2011_1100_213_0,1,16,144.0,130.0
/leonardo_scratch/fast/IscrC_SAME-D/airmass/06-11-2011_1200_213_0,1,16,142.0,133.0
/leonardo_scratch/fast/IscrC_SAME-D/airmass/06-11-2011_1300_213_0,1,16,139.0,136.0
/leonardo_scratch/fast/IscrC_SAME-D/airmass/06-11-2011_1400_213_0,1,16,137.0,139.0
/leonardo_scratch/fast/IscrC_SAME-D/airmass/06-11-2011_1500_213_0,1,16,136.0,142.0
/leonardo_scratch/fast/IscrC_SAME-D/airmass/06-11-2011_1600_213_0,1,16,135.0,146.0
/leonardo_scratch/fast/IscrC_SAME-D/airmass/06-11-2011_1700_213_0,1,16,134.0,149.0
/leonardo_scratch/fast/IscrC_SAME-D/airmass/06-11-2011_1800_213_0,1,16,135.0,152.0
/leonardo_scratch/fast/IscrC_SAME-D/airmass/06-11-2011_1900_213_0,1,16,136.0,154.0
/leonardo_scratch/fast/IscrC_SAME-D/airmass/06-11-2011_2000_213_0,1,16,139.0,156.0
/leonardo_scratch/fast/IscrC_SAME-D/airmass/06-11-2011_2100_213_0,1,16,144.0,156.0
/leonardo_scratch/fast/IscrC_SAME-D/airmass/06-11-2011_2200_213_0,1,16,150.0,156.0
/leonardo_scratch/fast/IscrC_SAME-D/airmass/06-11-2011_2300_213_0,1,16,154.0,157.0
/leonardo_scratch/fast/IscrC_SAME-D/airmass/07-11-2011_0000_213_0,1,16,158.0,157.0
/leonardo_scratch/fast/IscrC_SAME-D/airmass/07-11-2011_0100_213_0,1,16,162.0,157.0
/leonardo_scratch/fast/IscrC_SAME-D/airmass/07-11-2011_0200_213_0,1,16,166.0,156.0
/leonardo_scratch/fast/IscrC_SAME-D/airmass/07-11-2011_0300_213_0,1,16,171.0,155.0
/leonardo_scratch/fast/IscrC_SAME-D/airmass/07-11-2011_0400_213_0,1,16,175.0,154.0
/leonardo_scratch/fast/IscrC_SAME-D/airmass/07-11-2011_0500_213_0,1,16,180.0,152.0
/leonardo_scratch/fast/IscrC_SAME-D/airmass/07-11-2011_0600_213_0,1,16,183.0,150.0
/leonardo_scratch/fast/IscrC_SAME-D/airmass/07-11-2011_0700_213_0,1,16,184.0,147.0
/leonardo_scratch/fast/IscrC_SAME-D/airmass/07-11-2011_0800_213_0,1,16,185.0,144.0
/leonardo_scratch/fast/IscrC_SAME-D/airmass/07-11-2011_0900_213_0,1,16,186.0,141.0
/leonardo_scratch/fast/IscrC_SAME-D/airmass/07-11-2011_1000_213_0,1,16,187.0,139.0
/leonardo_scratch/fast/IscrC_SAME-D/airmass/07-11-2011_1100_213_0,1,16,188.0,136.0
/leonardo_scratch/fast/IscrC_SAME-D/airmass/07-11-2011_1200_213_0,1,16,189.0,133.0
/leonardo_scratch/fast/IscrC_SAME-D/airmass/07-11-2011_1300_213_0,1,16,189.0,130.0
/leonardo_scratch/fast/IscrC_SAME-D/airmass/07-11-2011_1400_213_0,1,16,188.0,128.0
/leonardo_scratch/fast/IscrC_SAME-D/airmass/07-11-2011_1500_213_0,1,16,188.0,126.0
/leonardo_scratch/fast/IscrC_SAME-D/airmass/07-11-2011_1600_213_0,1,16,187.0,125.0
/leonardo_scratch/fast/IscrC_SAME-D/airmass/07-11-2011_1700_213_0,1,16,186.0,124.0
/leonardo_scratch/fast/IscrC_SAME-D/airmass/07-11-2011_1800_213_0,1,16,185.0,123.0
/leonardo_scratch/fast/IscrC_SAME-D/airmass/07-11-2011_1900_213_0,1,16,183.0,122.0
/leonardo_scratch/fast/IscrC_SAME-D/airmass/07-11-2011_2000_213_0,1,16,182.0,121.0
/leonardo_scratch/fast/IscrC_SAME-D/airmass/07-11-2011_2100_213_0,1,16,181.0,120.0
/leonardo_scratch/fast/IscrC_SAME-D/airmass/07-11-2011_2200_213_0,1,16,180.0,119.0
/leonardo_scratch/fast/IscrC_SAME-D/airmass/07-11-2011_2300_213_0,1,16,181.0,118.0
/leonardo_scratch/fast/IscrC_SAME-D/airmass/08-11-2011_0000_213_0,1,16,181.0,117.0
/leonardo_scratch/fast/IscrC_SAME-D/airmass/08-11-2011_0100_213_0,1,16,183.0,117.0
/leonardo_scratch/fast/IscrC_SAME-D/airmass/08-11-2011_0200_213_0,1,16,185.0,116.0
/leonardo_scratch/fast/IscrC_SAME-D/airmass/08-11-2011_0300_213_0,1,16,187.0,115.0
/leonardo_scratch/fast/IscrC_SAME-D/airmass/08-11-2011_0400_213_0,1,16,191.0,115.0
/leonardo_scratch/fast/IscrC_SAME-D/airmass/08-11-2011_0500_213_0,1,16,194.0,114.0
/leonardo_scratch/fast/IscrC_SAME-D/airmass/08-11-2011_0600_213_0,1,16,198.0,113.0
/leonardo_scratch/fast/IscrC_SAME-D/airmass/08-11-2011_0700_213_0,1,16,202.0,111.0
/leonardo_scratch/fast/IscrC_SAME-D/airmass/08-11-2011_0800_213_0,1,16,205.0,109.0
/leonardo_scratch/fast/IscrC_SAME-D/airmass/13-04-2012_2100_426_0,1,16,167.0,145.0
/leonardo_scratch/fast/IscrC_SAME-D/airmass/13-04-2012_2200_426_0,1,16,173.0,144.0
/leonardo_scratch/fast/IscrC_SAME-D/airmass/13-04-2012_2300_426_0,1,16,179.0,143.0
/leonardo_scratch/fast/IscrC_SAME-D/airmass/14-04-2012_0000_426_0,1,16,184.0,141.0
/leonardo_scratch/fast/IscrC_SAME-D/airmass/14-04-2012_0100_426_0,1,16,189.0,140.0
/leonardo_scratch/fast/IscrC_SAME-D/airmass/14-04-2012_0200_426_0,1,16,195.0,139.0
/leonardo_scratch/fast/IscrC_SAME-D/airmass/14-04-2012_0300_426_0,1,16,201.0,139.0
/leonardo_scratch/fast/IscrC_SAME-D/airmass/14-04-2012_0400_426_0,1,16,208.0,138.0
/leonardo_scratch/fast/IscrC_SAME-D/airmass/14-04-2012_0500_426_0,1,16,214.0,138.0
/leonardo_scratch/fast/IscrC_SAME-D/airmass/14-04-2012_0700_426_0,1,16,,
/leonardo_scratch/fast/IscrC_SAME-D/airmass/14-04-2012_0700_639_0,1,16,15.0,135.0
/leonardo_scratch/fast/IscrC_SAME-D/airmass/14-04-2012_0800_639_0,1,16,23.0,133.0
/leonardo_scratch/fast/IscrC_SAME-D/airmass/14-04-2012_0900_639_0,1,16,32.0,131.0
/leonardo_scratch/fast/IscrC_SAME-D/airmass/14-04-2012_1000_639_0,1,16,41.0,129.0
/leonardo_scratch/fast/IscrC_SAME-D/airmass/14-04-2012_1100_639_0,1,16,51.0,127.0
/leonardo_scratch/fast/IscrC_SAME-D/airmass/14-04-2012_1200_639_0,1,16,61.0,125.0
/leonardo_scratch/fast/IscrC_SAME-D/airmass/14-04-2012_1300_639_0,1,16,71.0,122.0
/leonardo_scratch/fast/IscrC_SAME-D/airmass/14-04-2012_1400_639_0,1,16,80.0,119.0
/leonardo_scratch/fast/IscrC_SAME-D/airmass/14-04-2012_1500_639_0,1,16,88.0,117.0
/leonardo_scratch/fast/IscrC_SAME-D/airmass/14-04-2012_1600_639_0,1,16,95.0,114.0
/leonardo_scratch/fast/IscrC_SAME-D/airmass/14-04-2012_1700_639_0,1,16,101.0,111.0
/leonardo_scratch/fast/IscrC_SAME-D/airmass/14-04-2012_1800_639_0,1,16,104.0,108.0
/leonardo_scratch/fast/IscrC_SAME-D/airmass/14-04-2012_1900_639_0,1,16,102.0,105.0
/leonardo_scratch/fast/IscrC_SAME-D/airmass/14-04-2012_2000_639_0,1,16,97.0,101.0
/leonardo_scratch/fast/IscrC_SAME-D/airmass/19-11-2013_0100_213_0,1,16,159.0,124.0
/leonardo_scratch/fast/IscrC_SAME-D/airmass/19-11-2013_0200_213_0,1,16,158.0,126.0
/leonardo_scratch/fast/IscrC_SAME-D/airmass/19-11-2013_0300_213_0,1,16,158.0,128.0
/leonardo_scratch/fast/IscrC_SAME-D/airmass/19-11-2013_0400_213_0,1,16,159.0,132.0
/leonardo_scratch/fast/IscrC_SAME-D/airmass/19-11-2013_0500_213_0,1,16,161.0,135.0
/leonardo_scratch/fast/IscrC_SAME-D/airmass/19-11-2013_0600_213_0,1,16,164.0,139.0
/leonardo_scratch/fast/IscrC_SAME-D/airmass/19-11-2013_0700_213_0,1,16,169.0,142.0
/leonardo_scratch/fast/IscrC_SAME-D/airmass/19-11-2013_0800_213_0,1,16,175.0,145.0
/leonardo_scratch/fast/IscrC_SAME-D/airmass/19-11-2013_0900_213_0,1,16,183.0,147.0
/leonardo_scratch/fast/IscrC_SAME-D/airmass/19-11-2013_1000_213_0,1,16,193.0,148.0
/leonardo_scratch/fast/IscrC_SAME-D/airmass/19-11-2013_1100_213_0,1,16,203.0,150.0
/leonardo_scratch/fast/IscrC_SAME-D/airmass/19-11-2013_1200_213_0,1,16,213.0,151.0
/leonardo_scratch/fast/IscrC_SAME-D/airmass/19-11-2013_1300_213_0,1,16,,
/leonardo_scratch/fast/IscrC_SAME-D/airmass/19-11-2013_1300_426_0,1,16,12.0,151.0
/leonardo_scratch/fast/IscrC_SAME-D/airmass/19-11-2013_1400_426_0,1,16,23.0,150.0
/leonardo_scratch/fast/IscrC_SAME-D/airmass/19-11-2013_1500_426_0,1,16,35.0,149.0
/leonardo_scratch/fast/IscrC_SAME-D/airmass/19-11-2013_1600_426_0,1,16,48.0,149.0
/leonardo_scratch/fast/IscrC_SAME-D/airmass/19-11-2013_1700_426_0,1,16,64.0,148.0
/leonardo_scratch/fast/IscrC_SAME-D/airmass/19-11-2013_1800_426_0,1,16,79.0,146.0
/leonardo_scratch/fast/IscrC_SAME-D/airmass/19-11-2013_1900_426_0,1,16,94.0,143.0
/leonardo_scratch/fast/IscrC_SAME-D/airmass/19-11-2013_2000_426_0,1,16,109.0,137.0
/leonardo_scratch/fast/IscrC_SAME-D/airmass/19-11-2013_2100_426_0,1,16,122.0,131.0
/leonardo_scratch/fast/IscrC_SAME-D/airmass/19-11-2013_2200_426_0,1,16,134.0,123.0
/leonardo_scratch/fast/IscrC_SAME-D/airmass/19-11-2013_2300_426_0,1,16,145.0,117.0
/leonardo_scratch/fast/IscrC_SAME-D/airmass/20-11-2013_0000_426_0,1,16,156.0,111.0
/leonardo_scratch/fast/IscrC_SAME-D/airmass/20-11-2013_0100_426_0,1,16,169.0,105.0
/leonardo_scratch/fast/IscrC_SAME-D/airmass/20-11-2013_0200_426_0,1,16,183.0,99.0
/leonardo_scratch/fast/IscrC_SAME-D/airmass/20-11-2013_0300_426_0,1,16,195.0,92.0
/leonardo_scratch/fast/IscrC_SAME-D/airmass/20-11-2013_0400_426_0,1,16,205.0,84.0
/leonardo_scratch/fast/IscrC_SAME-D/airmass/20-11-2013_0500_426_0,1,16,212.0,75.0
/leonardo_scratch/fast/IscrC_SAME-D/airmass/20-11-2013_0600_426_0,1,16,216.0,68.0
/leonardo_scratch/fast/IscrC_SAME-D/airmass/20-11-2013_0800_426_0,1,16,,
/leonardo_scratch/fast/IscrC_SAME-D/airmass/20-11-2013_0600_639_0,1,16,3.0,68.0
/leonardo_scratch/fast/IscrC_SAME-D/airmass/20-11-2013_0700_639_0,1,16,6.0,61.0
/leonardo_scratch/fast/IscrC_SAME-D/airmass/20-11-2013_0800_639_0,1,16,11.0,55.0
/leonardo_scratch/fast/IscrC_SAME-D/airmass/20-11-2013_0900_639_0,1,16,21.0,50.0
/leonardo_scratch/fast/IscrC_SAME-D/airmass/07-11-2014_1000_426_196,1,16,171.0,41.0
/leonardo_scratch/fast/IscrC_SAME-D/airmass/07-11-2014_1100_426_196,1,16,176.0,42.0
/leonardo_scratch/fast/IscrC_SAME-D/airmass/07-11-2014_1200_426_196,1,16,183.0,44.0
/leonardo_scratch/fast/IscrC_SAME-D/airmass/07-11-2014_1300_426_196,1,16,190.0,44.0
/leonardo_scratch/fast/IscrC_SAME-D/airmass/07-11-2014_1400_426_196,1,16,198.0,44.0
/leonardo_scratch/fast/IscrC_SAME-D/airmass/07-11-2014_1500_426_196,1,16,206.0,43.0
/leonardo_scratch/fast/IscrC_SAME-D/airmass/07-11-2014_1600_426_196,1,16,213.0,41.0
/leonardo_scratch/fast/IscrC_SAME-D/airmass/07-11-2014_1700_426_196,1,16,219.0,39.0
/leonardo_scratch/fast/IscrC_SAME-D/airmass/07-11-2014_1800_426_196,1,16,,
/leonardo_scratch/fast/IscrC_SAME-D/airmass/08-11-2014_0000_639_0,1,16,34.0,221.0
/leonardo_scratch/fast/IscrC_SAME-D/airmass/08-11-2014_0100_639_0,1,16,36.0,219.0
/leonardo_scratch/fast/IscrC_SAME-D/airmass/08-11-2014_0200_639_0,1,16,38.0,218.0
/leonardo_scratch/fast/IscrC_SAME-D/airmass/08-11-2014_0300_639_0,1,16,40.0,217.0
/leonardo_scratch/fast/IscrC_SAME-D/airmass/08-11-2014_0400_639_0,1,16,41.0,217.0
/leonardo_scratch/fast/IscrC_SAME-D/airmass/08-11-2014_0500_639_0,1,16,41.0,218.0
/leonardo_scratch/fast/IscrC_SAME-D/airmass/08-11-2014_0600_639_0,1,16,41.0,219.0
/leonardo_scratch/fast/IscrC_SAME-D/airmass/08-11-2014_0800_639_0,1,16,,
/leonardo_scratch/fast/IscrC_SAME-D/airmass/07-11-2014_1600_639_196,1,16,0.0,41.0
/leonardo_scratch/fast/IscrC_SAME-D/airmass/07-11-2014_1700_639_196,1,16,6.0,39.0
/leonardo_scratch/fast/IscrC_SAME-D/airmass/07-11-2014_1800_639_196,1,16,11.0,37.0
/leonardo_scratch/fast/IscrC_SAME-D/airmass/07-11-2014_1900_639_196,1,16,16.0,35.0
/leonardo_scratch/fast/IscrC_SAME-D/airmass/07-11-2014_2000_639_196,1,16,20.0,33.0
/leonardo_scratch/fast/IscrC_SAME-D/airmass/07-11-2014_2100_639_196,1,16,23.0,32.0
/leonardo_scratch/fast/IscrC_SAME-D/airmass/07-11-2014_2200_639_196,1,16,27.0,30.0
/leonardo_scratch/fast/IscrC_SAME-D/airmass/07-11-2014_2300_639_196,1,16,30.0,27.0
/leonardo_scratch/fast/IscrC_SAME-D/airmass/08-11-2014_0000_639_196,1,16,34.0,25.0
/leonardo_scratch/fast/IscrC_SAME-D/airmass/08-11-2014_0100_639_196,1,16,36.0,23.0
/leonardo_scratch/fast/IscrC_SAME-D/airmass/08-11-2014_0200_639_196,1,16,38.0,22.0
/leonardo_scratch/fast/IscrC_SAME-D/airmass/08-11-2014_0300_639_196,1,16,40.0,21.0
/leonardo_scratch/fast/IscrC_SAME-D/airmass/08-11-2014_0400_639_196,1,16,41.0,21.0
/leonardo_scratch/fast/IscrC_SAME-D/airmass/08-11-2014_0500_639_196,1,16,41.0,22.0
/leonardo_scratch/fast/IscrC_SAME-D/airmass/08-11-2014_0600_639_196,1,16,41.0,23.0
/leonardo_scratch/fast/IscrC_SAME-D/airmass/08-11-2014_0700_639_196,1,16,42.0,26.0
/leonardo_scratch/fast/IscrC_SAME-D/airmass/08-11-2014_0800_639_196,1,16,44.0,29.0
/leonardo_scratch/fast/IscrC_SAME-D/airmass/08-11-2014_0900_639_196,1,16,46.0,34.0
/leonardo_scratch/fast/IscrC_SAME-D/airmass/08-11-2014_1000_639_196,1,16,50.0,38.0
/leonardo_scratch/fast/IscrC_SAME-D/airmass/08-11-2014_1100_639_196,1,16,55.0,42.0
/leonardo_scratch/fast/IscrC_SAME-D/airmass/30-11-2014_1000_213_0,1,16,69.0,176.0
/leonardo_scratch/fast/IscrC_SAME-D/airmass/30-11-2014_1100_213_0,1,16,68.0,173.0
/leonardo_scratch/fast/IscrC_SAME-D/airmass/30-11-2014_1200_213_0,1,16,69.0,171.0
/leonardo_scratch/fast/IscrC_SAME-D/airmass/30-11-2014_1300_213_0,1,16,71.0,169.0
/leonardo_scratch/fast/IscrC_SAME-D/airmass/30-11-2014_1400_213_0,1,16,73.0,168.0
/leonardo_scratch/fast/IscrC_SAME-D/airmass/30-11-2014_1500_213_0,1,16,76.0,167.0
/leonardo_scratch/fast/IscrC_SAME-D/airmass/30-11-2014_1600_213_0,1,16,79.0,166.0
/leonardo_scratch/fast/IscrC_SAME-D/airmass/30-11-2014_1700_213_0,1,16,83.0,165.0
/leonardo_scratch/fast/IscrC_SAME-D/airmass/30-11-2014_1800_213_0,1,16,87.0,164.0
/leonardo_scratch/fast/IscrC_SAME-D/airmass/30-11-2014_1900_213_0,1,16,92.0,162.0
/leonardo_scratch/fast/IscrC_SAME-D/airmass/30-11-2014_2000_213_0,1,16,97.0,161.0
/leonardo_scratch/fast/IscrC_SAME-D/airmass/30-11-2014_2100_213_0,1,16,102.0,160.0
/leonardo_scratch/fast/IscrC_SAME-D/airmass/30-11-2014_2200_213_0,1,16,107.0,159.0
/leonardo_scratch/fast/IscrC_SAME-D/airmass/30-11-2014_2300_213_0,1,16,113.0,158.0
/leonardo_scratch/fast/IscrC_SAME-D/airmass/01-12-2014_0500_213_0,1,16,141.0,149.0
/leonardo_scratch/fast/IscrC_SAME-D/airmass/01-12-2014_0600_213_0,1,16,144.0,149.0
/leonardo_scratch/fast/IscrC_SAME-D/airmass/01-12-2014_0700_213_0,1,16,147.0,148.0
/leonardo_scratch/fast/IscrC_SAME-D/airmass/01-12-2014_0800_213_0,1,16,149.0,148.0
/leonardo_scratch/fast/IscrC_SAME-D/airmass/01-12-2014_1000_213_0,1,16,152.0,149.0
/leonardo_scratch/fast/IscrC_SAME-D/airmass/01-12-2014_1100_213_0,1,16,153.0,151.0
/leonardo_scratch/fast/IscrC_SAME-D/airmass/01-12-2014_1200_213_0,1,16,155.0,152.0
/leonardo_scratch/fast/IscrC_SAME-D/airmass/01-12-2014_1300_213_0,1,16,158.0,154.0
/leonardo_scratch/fast/IscrC_SAME-D/airmass/01-12-2014_1400_213_0,1,16,161.0,156.0
/leonardo_scratch/fast/IscrC_SAME-D/airmass/01-12-2014_1500_213_0,1,16,166.0,158.0
/leonardo_scratch/fast/IscrC_SAME-D/airmass/01-12-2014_1600_213_0,1,16,171.0,160.0
/leonardo_scratch/fast/IscrC_SAME-D/airmass/01-12-2014_1700_213_0,1,16,177.0,161.0
/leonardo_scratch/fast/IscrC_SAME-D/airmass/01-12-2014_1800_213_0,1,16,183.0,162.0
/leonardo_scratch/fast/IscrC_SAME-D/airmass/01-12-2014_1900_213_0,1,16,189.0,163.0
/leonardo_scratch/fast/IscrC_SAME-D/airmass/01-12-2014_2000_213_0,1,16,195.0,164.0
/leonardo_scratch/fast/IscrC_SAME-D/airmass/01-12-2014_2100_213_0,1,16,200.0,165.0
/leonardo_scratch/fast/IscrC_SAME-D/airmass/01-12-2014_2200_213_0,1,16,206.0,166.0
/leonardo_scratch/fast/IscrC_SAME-D/airmass/01-12-2014_2300_213_0,1,16,211.0,166.0
/leonardo_scratch/fast/IscrC_SAME-D/airmass/02-12-2014_0200_213_0,1,16,,
/leonardo_scratch/fast/IscrC_SAME-D/airmass/02-12-2014_1200_426_0,1,16,75.0,152.0
/leonardo_scratch/fast/IscrC_SAME-D/airmass/02-12-2014_1300_426_0,1,16,83.0,149.0
/leonardo_scratch/fast/IscrC_SAME-D/airmass/02-12-2014_1400_426_0,1,16,90.0,146.0
/leonardo_scratch/fast/IscrC_SAME-D/airmass/02-12-2014_1500_426_0,1,16,96.0,144.0
/leonardo_scratch/fast/IscrC_SAME-D/airmass/02-12-2014_1600_426_0,1,16,101.0,142.0
/leonardo_scratch/fast/IscrC_SAME-D/airmass/02-12-2014_1700_426_0,1,16,105.0,141.0
/leonardo_scratch/fast/IscrC_SAME-D/airmass/02-12-2014_1800_426_0,1,16,109.0,140.0
/leonardo_scratch/fast/IscrC_SAME-D/airmass/02-12-2014_1900_426_0,1,16,112.0,139.0
/leonardo_scratch/fast/IscrC_SAME-D/airmass/02-12-2014_2000_426_0,1,16,116.0,138.0
/leonardo_scratch/fast/IscrC_SAME-D/airmass/02-12-2014_2100_426_0,1,16,120.0,136.0
/leonardo_scratch/fast/IscrC_SAME-D/airmass/02-12-2014_2200_426_0,1,16,124.0,134.0
/leonardo_scratch/fast/IscrC_SAME-D/airmass/02-12-2014_2300_426_0,1,16,128.0,131.0
/leonardo_scratch/fast/IscrC_SAME-D/airmass/03-12-2014_0000_426_0,1,16,131.0,128.0
/leonardo_scratch/fast/IscrC_SAME-D/airmass/03-12-2014_0100_426_0,1,16,133.0,126.0
/leonardo_scratch/fast/IscrC_SAME-D/airmass/03-12-2014_0200_426_0,1,16,135.0,123.0
/leonardo_scratch/fast/IscrC_SAME-D/airmass/03-12-2014_0300_426_0,1,16,137.0,120.0
/leonardo_scratch/fast/IscrC_SAME-D/airmass/03-12-2014_0400_426_0,1,16,138.0,118.0
/leonardo_scratch/fast/IscrC_SAME-D/airmass/03-12-2014_0500_426_0,1,16,139.0,115.0
/leonardo_scratch/fast/IscrC_SAME-D/airmass/03-12-2014_0600_426_0,1,16,140.0,112.0
/leonardo_scratch/fast/IscrC_SAME-D/airmass/01-10-2015_0000_213_0,1,16,184.0,147.0
/leonardo_scratch/fast/IscrC_SAME-D/airmass/01-10-2015_0100_213_0,1,16,189.0,151.0
/leonardo_scratch/fast/IscrC_SAME-D/airmass/01-10-2015_0200_213_0,1,16,195.0,153.0
/leonardo_scratch/fast/IscrC_SAME-D/airmass/01-10-2015_0300_213_0,1,16,201.0,156.0
/leonardo_scratch/fast/IscrC_SAME-D/airmass/01-10-2015_0700_213_0,1,16,,
/leonardo_scratch/fast/IscrC_SAME-D/airmass/01-10-2015_0900_426_0,1,16,28.0,161.0
/leonardo_scratch/fast/IscrC_SAME-D/airmass/01-10-2015_1000_426_0,1,16,33.0,161.0
/leonardo_scratch/fast/IscrC_SAME-D/airmass/01-10-2015_1100_426_0,1,16,38.0,160.0
/leonardo_scratch/fast/IscrC_SAME-D/airmass/01-10-2015_1200_426_0,1,16,43.0,159.0
/leonardo_scratch/fast/IscrC_SAME-D/airmass/01-10-2015_1300_426_0,1,16,49.0,157.0
/leonardo_scratch/fast/IscrC_SAME-D/airmass/01-10-2015_1400_426_0,1,16,55.0,156.0
/leonardo_scratch/fast/IscrC_SAME-D/airmass/01-10-2015_1500_426_0,1,16,61.0,156.0
/leonardo_scratch/fast/IscrC_SAME-D/airmass/01-10-2015_1600_426_0,1,16,68.0,155.0
/leonardo_scratch/fast/IscrC_SAME-D/airmass/01-10-2015_1700_426_0,1,16,74.0,153.0
/leonardo_scratch/fast/IscrC_SAME-D/airmass/01-10-2015_1800_426_0,1,16,80.0,151.0
/leonardo_scratch/fast/IscrC_SAME-D/airmass/01-10-2015_1900_426_0,1,16,85.0,148.0
/leonardo_scratch/fast/IscrC_SAME-D/airmass/01-10-2015_2000_426_0,1,16,89.0,145.0
/leonardo_scratch/fast/IscrC_SAME-D/airmass/01-10-2015_2100_426_0,1,16,91.0,141.0
/leonardo_scratch/fast/IscrC_SAME-D/airmass/29-02-2016_0200_426_0,1,16,49.0,99.0
/leonardo_scratch/fast/IscrC_SAME-D/airmass/29-02-2016_0300_426_0,1,16,49.0,99.0
/leonardo_scratch/fast/IscrC_SAME-D/airmass/29-02-2016_0400_426_0,1,16,49.0,99.0
/leonardo_scratch/fast/IscrC_SAME-D/airmass/29-02-2016_0500_426_0,1,16,50.0,100.0
/leonardo_scratch/fast/IscrC_SAME-D/airmass/29-02-2016_0600_426_0,1,16,51.0,100.0
/leonardo_scratch/fast/IscrC_SAME-D/airmass/29-02-2016_0700_426_0,1,16,53.0,99.0
/leonardo_scratch/fast/IscrC_SAME-D/airmass/29-02-2016_0800_426_0,1,16,54.0,98.0
/leonardo_scratch/fast/IscrC_SAME-D/airmass/29-02-2016_0900_426_0,1,16,55.0,97.0
/leonardo_scratch/fast/IscrC_SAME-D/airmass/29-02-2016_1000_426_0,1,16,56.0,95.0
/leonardo_scratch/fast/IscrC_SAME-D/airmass/29-02-2016_1100_426_0,1,16,58.0,95.0
/leonardo_scratch/fast/IscrC_SAME-D/airmass/29-02-2016_1200_426_0,1,16,61.0,96.0
/leonardo_scratch/fast/IscrC_SAME-D/airmass/29-02-2016_1300_426_0,1,16,65.0,97.0
/leonardo_scratch/fast/IscrC_SAME-D/airmass/29-02-2016_1400_426_0,1,16,70.0,99.0
/leonardo_scratch/fast/IscrC_SAME-D/airmass/29-02-2016_1500_426_0,1,16,74.0,101.0
/leonardo_scratch/fast/IscrC_SAME-D/airmass/29-02-2016_1600_426_0,1,16,79.0,103.0
/leonardo_scratch/fast/IscrC_SAME-D/airmass/29-02-2016_1700_426_0,1,16,85.0,105.0
/leonardo_scratch/fast/IscrC_SAME-D/airmass/29-02-2016_1800_426_0,1,16,91.0,108.0
/leonardo_scratch/fast/IscrC_SAME-D/airmass/29-02-2016_1900_426_0,1,16,97.0,109.0
/leonardo_scratch/fast/IscrC_SAME-D/airmass/29-02-2016_2000_426_0,1,16,103.0,110.0
/leonardo_scratch/fast/IscrC_SAME-D/airmass/29-02-2016_2100_426_0,1,16,108.0,111.0
/leonardo_scratch/fast/IscrC_SAME-D/airmass/29-02-2016_2200_426_0,1,16,112.0,112.0
/leonardo_scratch/fast/IscrC_SAME-D/airmass/29-02-2016_2300_426_0,1,16,116.0,113.0
/leonardo_scratch/fast/IscrC_SAME-D/airmass/01-03-2016_0000_426_0,1,16,121.0,114.0
/leonardo_scratch/fast/IscrC_SAME-D/airmass/01-03-2016_0100_426_0,1,16,125.0,116.0
/leonardo_scratch/fast/IscrC_SAME-D/airmass/01-03-2016_0200_426_0,1,16,129.0,118.0
/leonardo_scratch/fast/IscrC_SAME-D/airmass/01-03-2016_0300_426_0,1,16,134.0,120.0
/leonardo_scratch/fast/IscrC_SAME-D/airmass/01-03-2016_0400_426_0,1,16,139.0,122.0
/leonardo_scratch/fast/IscrC_SAME-D/airmass/01-03-2016_0500_426_0,1,16,144.0,124.0
/leonardo_scratch/fast/IscrC_SAME-D/airmass/01-03-2016_0600_426_0,1,16,149.0,126.0
/leonardo_scratch/fast/IscrC_SAME-D/airmass/01-03-2016_0700_426_0,1,16,154.0,127.0
/leonardo_scratch/fast/IscrC_SAME-D/airmass/01-03-2016_0800_426_0,1,16,159.0,129.0
/leonardo_scratch/fast/IscrC_SAME-D/airmass/28-10-2016_0900_639_0,1,16,90.0,223.0
/leonardo_scratch/fast/IscrC_SAME-D/airmass/28-10-2016_1000_639_0,1,16,,
/leonardo_scratch/fast/IscrC_SAME-D/airmass/28-10-2016_0900_639_196,1,16,90.0,27.0
/leonardo_scratch/fast/IscrC_SAME-D/airmass/28-10-2016_1000_639_196,1,16,89.0,30.0
/leonardo_scratch/fast/IscrC_SAME-D/airmass/28-10-2016_1100_639_196,1,16,87.0,32.0
/leonardo_scratch/fast/IscrC_SAME-D/airmass/28-10-2016_1200_639_196,1,16,87.0,35.0
/leonardo_scratch/fast/IscrC_SAME-D/airmass/28-10-2016_1300_639_196,1,16,86.0,38.0
/leonardo_scratch/fast/IscrC_SAME-D/airmass/28-10-2016_1400_639_196,1,16,85.0,42.0
/leonardo_scratch/fast/IscrC_SAME-D/airmass/28-10-2016_1500_639_196,1,16,83.0,45.0
/leonardo_scratch/fast/IscrC_SAME-D/airmass/28-10-2016_1600_639_196,1,16,81.0,48.0
/leonardo_scratch/fast/IscrC_SAME-D/airmass/28-10-2016_1700_639_196,1,16,79.0,51.0
/leonardo_scratch/fast/IscrC_SAME-D/airmass/28-10-2016_1800_639_196,1,16,77.0,54.0
/leonardo_scratch/fast/IscrC_SAME-D/airmass/28-10-2016_1900_639_196,1,16,74.0,57.0
/leonardo_scratch/fast/IscrC_SAME-D/airmass/28-10-2016_2000_639_196,1,16,72.0,59.0
/leonardo_scratch/fast/IscrC_SAME-D/airmass/28-10-2016_2100_639_196,1,16,71.0,61.0
/leonardo_scratch/fast/IscrC_SAME-D/airmass/28-10-2016_2200_639_196,1,16,70.0,62.0
/leonardo_scratch/fast/IscrC_SAME-D/airmass/28-10-2016_2300_639_196,1,16,69.0,62.0
/leonardo_scratch/fast/IscrC_SAME-D/airmass/29-10-2016_0000_639_196,1,16,69.0,62.0
/leonardo_scratch/fast/IscrC_SAME-D/airmass/29-10-2016_0100_639_196,1,16,69.0,63.0
/leonardo_scratch/fast/IscrC_SAME-D/airmass/29-10-2016_0200_639_196,1,16,68.0,64.0
/leonardo_scratch/fast/IscrC_SAME-D/airmass/29-10-2016_0300_639_196,1,16,66.0,64.0
/leonardo_scratch/fast/IscrC_SAME-D/airmass/29-10-2016_0400_639_196,1,16,65.0,65.0
/leonardo_scratch/fast/IscrC_SAME-D/airmass/29-10-2016_0500_639_196,1,16,64.0,66.0
/leonardo_scratch/fast/IscrC_SAME-D/airmass/29-10-2016_0600_639_196,1,16,62.0,67.0
/leonardo_scratch/fast/IscrC_SAME-D/airmass/29-10-2016_0700_639_196,1,16,60.0,68.0
/leonardo_scratch/fast/IscrC_SAME-D/airmass/29-10-2016_0800_639_196,1,16,59.0,67.0
/leonardo_scratch/fast/IscrC_SAME-D/airmass/29-10-2016_0900_639_196,1,16,59.0,66.0
/leonardo_scratch/fast/IscrC_SAME-D/airmass/29-10-2016_1000_639_196,1,16,59.0,64.0
/leonardo_scratch/fast/IscrC_SAME-D/airmass/29-10-2016_1100_639_196,1,16,60.0,63.0
/leonardo_scratch/fast/IscrC_SAME-D/airmass/29-10-2016_1200_639_196,1,16,61.0,63.0
/leonardo_scratch/fast/IscrC_SAME-D/airmass/29-10-2016_1300_639_196,1,16,61.0,64.0
/leonardo_scratch/fast/IscrC_SAME-D/airmass/29-10-2016_1400_639_196,1,16,62.0,65.0
/leonardo_scratch/fast/IscrC_SAME-D/airmass/29-10-2016_1500_639_196,1,16,62.0,65.0
/leonardo_scratch/fast/IscrC_SAME-D/airmass/29-10-2016_1600_639_196,1,16,62.0,65.0
/leonardo_scratch/fast/IscrC_SAME-D/airmass/29-10-2016_1700_639_196,1,16,63.0,65.0
/leonardo_scratch/fast/IscrC_SAME-D/airmass/29-10-2016_1800_639_196,1,16,64.0,65.0
/leonardo_scratch/fast/IscrC_SAME-D/airmass/29-10-2016_1900_639_196,1,16,66.0,65.0
/leonardo_scratch/fast/IscrC_SAME-D/airmass/29-10-2016_2000_639_196,1,16,67.0,65.0
/leonardo_scratch/fast/IscrC_SAME-D/airmass/29-10-2016_2100_639_196,1,16,68.0,63.0
/leonardo_scratch/fast/IscrC_SAME-D/airmass/29-10-2016_2200_639_196,1,16,69.0,62.0
/leonardo_scratch/fast/IscrC_SAME-D/airmass/29-10-2016_2300_639_196,1,16,72.0,60.0
/leonardo_scratch/fast/IscrC_SAME-D/airmass/30-10-2016_0000_639_196,1,16,74.0,60.0
/leonardo_scratch/fast/IscrC_SAME-D/airmass/30-10-2016_0100_639_196,1,16,77.0,59.0
/leonardo_scratch/fast/IscrC_SAME-D/airmass/30-10-2016_0200_639_196,1,16,80.0,59.0
/leonardo_scratch/fast/IscrC_SAME-D/airmass/30-10-2016_0300_639_196,1,16,83.0,58.0
/leonardo_scratch/fast/IscrC_SAME-D/airmass/30-10-2016_0400_639_196,1,16,86.0,58.0
/leonardo_scratch/fast/IscrC_SAME-D/airmass/30-10-2016_0500_639_196,1,16,89.0,58.0
/leonardo_scratch/fast/IscrC_SAME-D/airmass/30-10-2016_0600_639_196,1,16,92.0,59.0
/leonardo_scratch/fast/IscrC_SAME-D/airmass/30-10-2016_0700_639_196,1,16,95.0,59.0
/leonardo_scratch/fast/IscrC_SAME-D/airmass/30-10-2016_0800_639_196,1,16,99.0,58.0
/leonardo_scratch/fast/IscrC_SAME-D/airmass/30-10-2016_0900_639_196,1,16,104.0,57.0
/leonardo_scratch/fast/IscrC_SAME-D/airmass/30-10-2016_1000_639_196,1,16,108.0,55.0
/leonardo_scratch/fast/IscrC_SAME-D/airmass/30-10-2016_1100_639_196,1,16,113.0,54.0
/leonardo_scratch/fast/IscrC_SAME-D/airmass/30-10-2016_1200_639_196,1,16,118.0,53.0
/leonardo_scratch/fast/IscrC_SAME-D/airmass/30-10-2016_1300_639_196,1,16,123.0,52.0
/leonardo_scratch/fast/IscrC_SAME-D/airmass/30-10-2016_1400_639_196,1,16,127.0,52.0
/leonardo_scratch/fast/IscrC_SAME-D/airmass/30-10-2016_1500_639_196,1,16,131.0,52.0
/leonardo_scratch/fast/IscrC_SAME-D/airmass/30-10-2016_1600_639_196,1,16,136.0,53.0
/leonardo_scratch/fast/IscrC_SAME-D/airmass/30-10-2016_1900_639_196,1,16,150.0,53.0
/leonardo_scratch/fast/IscrC_SAME-D/airmass/30-10-2016_2000_639_196,1,16,155.0,52.0
/leonardo_scratch/fast/IscrC_SAME-D/airmass/30-10-2016_2100_639_196,1,16,161.0,51.0
/leonardo_scratch/fast/IscrC_SAME-D/airmass/30-10-2016_2200_639_196,1,16,167.0,50.0
/leonardo_scratch/fast/IscrC_SAME-D/airmass/30-10-2016_2300_639_196,1,16,174.0,49.0
/leonardo_scratch/fast/IscrC_SAME-D/airmass/31-10-2016_0000_639_196,1,16,181.0,48.0
/leonardo_scratch/fast/IscrC_SAME-D/airmass/31-10-2016_0100_639_196,1,16,188.0,49.0
/leonardo_scratch/fast/IscrC_SAME-D/airmass/16-11-2017_2100_639_0,1,16,120.0,196.0
/leonardo_scratch/fast/IscrC_SAME-D/airmass/16-11-2017_2200_639_0,1,16,119.0,191.0
/leonardo_scratch/fast/IscrC_SAME-D/airmass/16-11-2017_2300_639_0,1,16,117.0,186.0
/leonardo_scratch/fast/IscrC_SAME-D/airmass/17-11-2017_0000_639_0,1,16,114.0,182.0
/leonardo_scratch/fast/IscrC_SAME-D/airmass/17-11-2017_0100_639_0,1,16,112.0,180.0
/leonardo_scratch/fast/IscrC_SAME-D/airmass/17-11-2017_0200_639_0,1,16,110.0,178.0
/leonardo_scratch/fast/IscrC_SAME-D/airmass/17-11-2017_0300_639_0,1,16,108.0,177.0
/leonardo_scratch/fast/IscrC_SAME-D/airmass/17-11-2017_0400_639_0,1,16,107.0,176.0
/leonardo_scratch/fast/IscrC_SAME-D/airmass/17-11-2017_0500_639_0,1,16,106.0,175.0
/leonardo_scratch/fast/IscrC_SAME-D/airmass/17-11-2017_0600_639_0,1,16,106.0,174.0
/leonardo_scratch/fast/IscrC_SAME-D/airmass/17-11-2017_0700_639_0,1,16,106.0,173.0
/leonardo_scratch/fast/IscrC_SAME-D/airmass/17-11-2017_0800_639_0,1,16,106.0,172.0
/leonardo_scratch/fast/IscrC_SAME-D/airmass/17-11-2017_0900_639_0,1,16,107.0,171.0
/leonardo_scratch/fast/IscrC_SAME-D/airmass/17-11-2017_1000_639_0,1,16,108.0,170.0
/leonardo_scratch/fast/IscrC_SAME-D/airmass/17-11-2017_1100_639_0,1,16,108.0,169.0
/leonardo_scratch/fast/IscrC_SAME-D/airmass/17-11-2017_1200_639_0,1,16,109.0,167.0
/leonardo_scratch/fast/IscrC_SAME-D/airmass/17-11-2017_1300_639_0,1,16,109.0,166.0
/leonardo_scratch/fast/IscrC_SAME-D/airmass/17-11-2017_1400_639_0,1,16,109.0,165.0
/leonardo_scratch/fast/IscrC_SAME-D/airmass/17-11-2017_1500_639_0,1,16,109.0,165.0
/leonardo_scratch/fast/IscrC_SAME-D/airmass/17-11-2017_1600_639_0,1,16,109.0,165.0
/leonardo_scratch/fast/IscrC_SAME-D/airmass/17-11-2017_1700_639_0,1,16,109.0,166.0
/leonardo_scratch/fast/IscrC_SAME-D/airmass/17-11-2017_1800_639_0,1,16,109.0,166.0
/leonardo_scratch/fast/IscrC_SAME-D/airmass/17-11-2017_1900_639_0,1,16,110.0,167.0
/leonardo_scratch/fast/IscrC_SAME-D/airmass/17-11-2017_2000_639_0,1,16,111.0,168.0
/leonardo_scratch/fast/IscrC_SAME-D/airmass/17-11-2017_2100_639_0,1,16,113.0,167.0
/leonardo_scratch/fast/IscrC_SAME-D/airmass/17-11-2017_2200_639_0,1,16,114.0,166.0
/leonardo_scratch/fast/IscrC_SAME-D/airmass/17-11-2017_2300_639_0,1,16,115.0,165.0
/leonardo_scratch/fast/IscrC_SAME-D/airmass/18-11-2017_0000_639_0,1,16,116.0,164.0
/leonardo_scratch/fast/IscrC_SAME-D/airmass/18-11-2017_0100_639_0,1,16,118.0,164.0
/leonardo_scratch/fast/IscrC_SAME-D/airmass/18-11-2017_0200_639_0,1,16,120.0,164.0
/leonardo_scratch/fast/IscrC_SAME-D/airmass/18-11-2017_0300_639_0,1,16,121.0,163.0
/leonardo_scratch/fast/IscrC_SAME-D/airmass/18-11-2017_0400_639_0,1,16,121.0,163.0
/leonardo_scratch/fast/IscrC_SAME-D/airmass/18-11-2017_0500_639_0,1,16,122.0,163.0
/leonardo_scratch/fast/IscrC_SAME-D/airmass/18-11-2017_0600_639_0,1,16,122.0,163.0
/leonardo_scratch/fast/IscrC_SAME-D/airmass/18-11-2017_0700_639_0,1,16,122.0,164.0
/leonardo_scratch/fast/IscrC_SAME-D/airmass/18-11-2017_0800_639_0,1,16,123.0,164.0
/leonardo_scratch/fast/IscrC_SAME-D/airmass/18-11-2017_0900_639_0,1,16,123.0,165.0
/leonardo_scratch/fast/IscrC_SAME-D/airmass/18-11-2017_1000_639_0,1,16,125.0,166.0
/leonardo_scratch/fast/IscrC_SAME-D/airmass/18-11-2017_1100_639_0,1,16,127.0,167.0
/leonardo_scratch/fast/IscrC_SAME-D/airmass/18-11-2017_1200_639_0,1,16,129.0,168.0
/leonardo_scratch/fast/IscrC_SAME-D/airmass/16-11-2017_1700_639_196,1,16,117.0,23.0
/leonardo_scratch/fast/IscrC_SAME-D/airmass/16-11-2017_1800_639_196,1,16,119.0,17.0
/leonardo_scratch/fast/IscrC_SAME-D/airmass/16-11-2017_1900_639_196,1,16,121.0,11.0
/leonardo_scratch/fast/IscrC_SAME-D/airmass/16-11-2017_2000_639_196,1,16,121.0,5.0
/leonardo_scratch/fast/IscrC_SAME-D/airmass/16-11-2017_2100_639_196,1,16,120.0,0.0
/leonardo_scratch/fast/IscrC_SAME-D/airmass/16-11-2017_2200_639_196,1,16,,
/leonardo_scratch/fast/IscrC_SAME-D/airmass/10-11-2019_1500_213_0,1,16,212.0,139.0
/leonardo_scratch/fast/IscrC_SAME-D/airmass/10-11-2019_1600_213_0,1,16,213.0,137.0
/leonardo_scratch/fast/IscrC_SAME-D/airmass/10-11-2019_1700_213_0,1,16,213.0,137.0
/leonardo_scratch/fast/IscrC_SAME-D/airmass/10-11-2019_1800_213_0,1,16,213.0,137.0
/leonardo_scratch/fast/IscrC_SAME-D/airmass/10-11-2019_1900_213_0,1,16,212.0,139.0
/leonardo_scratch/fast/IscrC_SAME-D/airmass/10-11-2019_2000_213_0,1,16,211.0,141.0
/leonardo_scratch/fast/IscrC_SAME-D/airmass/10-11-2019_2100_213_0,1,16,210.0,142.0
/leonardo_scratch/fast/IscrC_SAME-D/airmass/10-11-2019_2200_213_0,1,16,208.0,144.0
/leonardo_scratch/fast/IscrC_SAME-D/airmass/10-11-2019_2300_213_0,1,16,206.0,146.0
/leonardo_scratch/fast/IscrC_SAME-D/airmass/11-11-2019_0000_213_0,1,16,205.0,148.0
/leonardo_scratch/fast/IscrC_SAME-D/airmass/11-11-2019_0100_213_0,1,16,204.0,150.0
/leonardo_scratch/fast/IscrC_SAME-D/airmass/11-11-2019_0200_213_0,1,16,203.0,151.0
/leonardo_scratch/fast/IscrC_SAME-D/airmass/11-11-2019_0300_213_0,1,16,202.0,153.0
/leonardo_scratch/fast/IscrC_SAME-D/airmass/11-11-2019_0400_213_0,1,16,202.0,154.0
/leonardo_scratch/fast/IscrC_SAME-D/airmass/11-11-2019_0500_213_0,1,16,201.0,156.0
/leonardo_scratch/fast/IscrC_SAME-D/airmass/11-11-2019_0600_213_0,1,16,200.0,157.0
/leonardo_scratch/fast/IscrC_SAME-D/airmass/11-11-2019_0700_213_0,1,16,198.0,160.0
/leonardo_scratch/fast/IscrC_SAME-D/airmass/11-11-2019_0800_213_0,1,16,197.0,163.0
/leonardo_scratch/fast/IscrC_SAME-D/airmass/11-11-2019_0900_213_0,1,16,196.0,168.0
/leonardo_scratch/fast/IscrC_SAME-D/airmass/11-11-2019_1000_213_0,1,16,196.0,174.0
/leonardo_scratch/fast/IscrC_SAME-D/airmass/11-11-2019_1100_213_0,1,16,196.0,180.0
/leonardo_scratch/fast/IscrC_SAME-D/airmass/11-11-2019_1200_213_0,1,16,195.0,185.0
/leonardo_scratch/fast/IscrC_SAME-D/airmass/11-11-2019_1300_213_0,1,16,196.0,189.0
/leonardo_scratch/fast/IscrC_SAME-D/airmass/11-11-2019_1500_213_0,1,16,198.0,198.0
/leonardo_scratch/fast/IscrC_SAME-D/airmass/11-11-2019_1600_213_0,1,16,200.0,201.0
/leonardo_scratch/fast/IscrC_SAME-D/airmass/11-11-2019_1700_213_0,1,16,202.0,204.0
/leonardo_scratch/fast/IscrC_SAME-D/airmass/11-11-2019_1500_213_196,1,16,198.0,2.0
/leonardo_scratch/fast/IscrC_SAME-D/airmass/11-11-2019_1600_213_196,1,16,200.0,5.0
/leonardo_scratch/fast/IscrC_SAME-D/airmass/11-11-2019_1700_213_196,1,16,202.0,8.0
/leonardo_scratch/fast/IscrC_SAME-D/airmass/10-11-2019_1900_426_0,1,16,,
/leonardo_scratch/fast/IscrC_SAME-D/airmass/17-09-2020_0300_639_0,1,16,104.0,219.0
/leonardo_scratch/fast/IscrC_SAME-D/airmass/17-09-2020_0400_639_0,1,16,106.0,217.0
/leonardo_scratch/fast/IscrC_SAME-D/airmass/17-09-2020_0500_639_0,1,16,108.0,216.0
/leonardo_scratch/fast/IscrC_SAME-D/airmass/17-09-2020_0600_639_0,1,16,110.0,215.0
/leonardo_scratch/fast/IscrC_SAME-D/airmass/17-09-2020_0700_639_0,1,16,113.0,215.0
/leonardo_scratch/fast/IscrC_SAME-D/airmass/17-09-2020_0800_639_0,1,16,115.0,214.0
/leonardo_scratch/fast/IscrC_SAME-D/airmass/17-09-2020_0900_639_0,1,16,119.0,212.0
/leonardo_scratch/fast/IscrC_SAME-D/airmass/17-09-2020_1000_639_0,1,16,122.0,211.0
/leonardo_scratch/fast/IscrC_SAME-D/airmass/17-09-2020_1100_639_0,1,16,125.0,210.0
/leonardo_scratch/fast/IscrC_SAME-D/airmass/17-09-2020_1200_639_0,1,16,128.0,209.0
/leonardo_scratch/fast/IscrC_SAME-D/airmass/17-09-2020_1300_639_0,1,16,132.0,209.0
/leonardo_scratch/fast/IscrC_SAME-D/airmass/17-09-2020_1400_639_0,1,16,135.0,208.0
/leonardo_scratch/fast/IscrC_SAME-D/airmass/17-09-2020_1500_639_0,1,16,140.0,208.0
/leonardo_scratch/fast/IscrC_SAME-D/airmass/17-09-2020_1600_639_0,1,16,144.0,208.0
/leonardo_scratch/fast/IscrC_SAME-D/airmass/17-09-2020_1700_639_0,1,16,149.0,208.0
/leonardo_scratch/fast/IscrC_SAME-D/airmass/17-09-2020_1800_639_0,1,16,154.0,208.0
/leonardo_scratch/fast/IscrC_SAME-D/airmass/17-09-2020_1900_639_0,1,16,158.0,206.0
/leonardo_scratch/fast/IscrC_SAME-D/airmass/17-09-2020_2000_639_0,1,16,161.0,205.0
/leonardo_scratch/fast/IscrC_SAME-D/airmass/17-09-2020_2100_639_0,1,16,163.0,203.0
/leonardo_scratch/fast/IscrC_SAME-D/airmass/17-09-2020_2200_639_0,1,16,165.0,202.0
/leonardo_scratch/fast/IscrC_SAME-D/airmass/17-09-2020_2300_639_0,1,16,168.0,200.0
/leonardo_scratch/fast/IscrC_SAME-D/airmass/18-09-2020_0000_639_0,1,16,171.0,199.0
/leonardo_scratch/fast/IscrC_SAME-D/airmass/18-09-2020_0100_639_0,1,16,174.0,198.0
/leonardo_scratch/fast/IscrC_SAME-D/airmass/18-09-2020_0200_639_0,1,16,178.0,197.0
/leonardo_scratch/fast/IscrC_SAME-D/airmass/18-09-2020_0300_639_0,1,16,181.0,196.0
/leonardo_scratch/fast/IscrC_SAME-D/airmass/18-09-2020_0400_639_0,1,16,184.0,194.0
/leonardo_scratch/fast/IscrC_SAME-D/airmass/18-09-2020_0500_639_0,1,16,185.0,192.0
/leonardo_scratch/fast/IscrC_SAME-D/airmass/18-09-2020_0600_639_0,1,16,186.0,191.0
/leonardo_scratch/fast/IscrC_SAME-D/airmass/18-09-2020_0700_639_0,1,16,185.0,189.0
/leonardo_scratch/fast/IscrC_SAME-D/airmass/18-09-2020_0800_639_0,1,16,184.0,188.0
/leonardo_scratch/fast/IscrC_SAME-D/airmass/18-09-2020_0900_639_0,1,16,183.0,188.0
/leonardo_scratch/fast/IscrC_SAME-D/airmass/18-09-2020_1000_639_0,1,16,182.0,189.0
/leonardo_scratch/fast/IscrC_SAME-D/airmass/18-09-2020_1100_639_0,1,16,183.0,190.0
/leonardo_scratch/fast/IscrC_SAME-D/airmass/18-09-2020_1200_639_0,1,16,184.0,191.0
/leonardo_scratch/fast/IscrC_SAME-D/airmass/18-09-2020_1300_639_0,1,16,186.0,193.0
/leonardo_scratch/fast/IscrC_SAME-D/airmass/18-09-2020_1400_639_0,1,16,188.0,194.0
/leonardo_scratch/fast/IscrC_SAME-D/airmass/18-09-2020_1500_639_0,1,16,190.0,195.0
/leonardo_scratch/fast/IscrC_SAME-D/airmass/18-09-2020_1600_639_0,1,16,193.0,197.0
/leonardo_scratch/fast/IscrC_SAME-D/airmass/18-09-2020_1700_639_0,1,16,195.0,198.0
/leonardo_scratch/fast/IscrC_SAME-D/airmass/18-09-2020_1800_639_0,1,16,196.0,200.0
/leonardo_scratch/fast/IscrC_SAME-D/airmass/18-09-2020_1900_639_0,1,16,197.0,201.0
/leonardo_scratch/fast/IscrC_SAME-D/airmass/15-09-2020_0400_639_196,1,16,76.0,134.0
/leonardo_scratch/fast/IscrC_SAME-D/airmass/15-09-2020_0500_639_196,1,16,68.0,132.0
/leonardo_scratch/fast/IscrC_SAME-D/airmass/15-09-2020_0600_639_196,1,16,61.0,130.0
/leonardo_scratch/fast/IscrC_SAME-D/airmass/15-09-2020_0700_639_196,1,16,54.0,130.0
/leonardo_scratch/fast/IscrC_SAME-D/airmass/15-09-2020_0800_639_196,1,16,49.0,131.0
/leonardo_scratch/fast/IscrC_SAME-D/airmass/15-09-2020_0900_639_196,1,16,45.0,132.0
/leonardo_scratch/fast/IscrC_SAME-D/airmass/15-09-2020_1000_639_196,1,16,42.0,133.0
/leonardo_scratch/fast/IscrC_SAME-D/airmass/15-09-2020_1100_639_196,1,16,42.0,134.0
/leonardo_scratch/fast/IscrC_SAME-D/airmass/16-09-2020_0600_639_196,1,16,87.0,89.0
/leonardo_scratch/fast/IscrC_SAME-D/airmass/16-09-2020_0700_639_196,1,16,88.0,86.0
/leonardo_scratch/fast/IscrC_SAME-D/airmass/16-09-2020_0800_639_196,1,16,89.0,82.0
/leonardo_scratch/fast/IscrC_SAME-D/airmass/16-09-2020_0900_639_196,1,16,91.0,77.0
/leonardo_scratch/fast/IscrC_SAME-D/airmass/16-09-2020_1000_639_196,1,16,94.0,73.0
/leonardo_scratch/fast/IscrC_SAME-D/airmass/16-09-2020_1100_639_196,1,16,96.0,68.0
/leonardo_scratch/fast/IscrC_SAME-D/airmass/16-09-2020_1200_639_196,1,16,98.0,64.0
/leonardo_scratch/fast/IscrC_SAME-D/airmass/16-09-2020_1300_639_196,1,16,100.0,60.0
/leonardo_scratch/fast/IscrC_SAME-D/airmass/16-09-2020_1400_639_196,1,16,100.0,55.0
/leonardo_scratch/fast/IscrC_SAME-D/airmass/16-09-2020_1500_639_196,1,16,99.0,50.0
/leonardo_scratch/fast/IscrC_SAME-D/airmass/16-09-2020_1600_639_196,1,16,98.0,46.0
/leonardo_scratch/fast/IscrC_SAME-D/airmass/16-09-2020_1700_639_196,1,16,97.0,42.0
/leonardo_scratch/fast/IscrC_SAME-D/airmass/16-09-2020_1800_639_196,1,16,97.0,39.0
/leonardo_scratch/fast/IscrC_SAME-D/airmass/16-09-2020_1900_639_196,1,16,97.0,36.0
/leonardo_scratch/fast/IscrC_SAME-D/airmass/16-09-2020_2000_639_196,1,16,96.0,34.0
/leonardo_scratch/fast/IscrC_SAME-D/airmass/16-09-2020_2100_639_196,1,16,96.0,32.0
/leonardo_scratch/fast/IscrC_SAME-D/airmass/16-09-2020_2200_639_196,1,16,95.0,31.0
/leonardo_scratch/fast/IscrC_SAME-D/airmass/16-09-2020_2300_639_196,1,16,96.0,30.0
/leonardo_scratch/fast/IscrC_SAME-D/airmass/17-09-2020_0000_639_196,1,16,98.0,28.0
/leonardo_scratch/fast/IscrC_SAME-D/airmass/17-09-2020_0100_639_196,1,16,100.0,27.0
/leonardo_scratch/fast/IscrC_SAME-D/airmass/17-09-2020_0200_639_196,1,16,102.0,25.0
/leonardo_scratch/fast/IscrC_SAME-D/airmass/17-09-2020_0300_639_196,1,16,104.0,23.0
/leonardo_scratch/fast/IscrC_SAME-D/airmass/17-09-2020_0400_639_196,1,16,106.0,21.0
/leonardo_scratch/fast/IscrC_SAME-D/airmass/17-09-2020_0500_639_196,1,16,108.0,20.0
/leonardo_scratch/fast/IscrC_SAME-D/airmass/17-09-2020_0600_639_196,1,16,110.0,19.0
/leonardo_scratch/fast/IscrC_SAME-D/airmass/17-09-2020_0700_639_196,1,16,113.0,19.0
/leonardo_scratch/fast/IscrC_SAME-D/airmass/17-09-2020_0800_639_196,1,16,115.0,18.0
/leonardo_scratch/fast/IscrC_SAME-D/airmass/17-09-2020_0900_639_196,1,16,119.0,16.0
/leonardo_scratch/fast/IscrC_SAME-D/airmass/17-09-2020_1000_639_196,1,16,122.0,15.0
/leonardo_scratch/fast/IscrC_SAME-D/airmass/17-09-2020_1100_639_196,1,16,125.0,14.0
/leonardo_scratch/fast/IscrC_SAME-D/airmass/17-09-2020_1200_639_196,1,16,128.0,13.0
/leonardo_scratch/fast/IscrC_SAME-D/airmass/17-09-2020_1300_639_196,1,16,132.0,13.0
/leonardo_scratch/fast/IscrC_SAME-D/airmass/17-09-2020_1400_639_196,1,16,135.0,12.0
/leonardo_scratch/fast/IscrC_SAME-D/airmass/17-09-2020_1500_639_196,1,16,140.0,12.0
/leonardo_scratch/fast/IscrC_SAME-D/airmass/17-09-2020_1600_639_196,1,16,144.0,12.0
/leonardo_scratch/fast/IscrC_SAME-D/airmass/17-09-2020_1700_639_196,1,16,149.0,12.0
/leonardo_scratch/fast/IscrC_SAME-D/airmass/17-09-2020_1800_639_196,1,16,154.0,12.0
/leonardo_scratch/fast/IscrC_SAME-D/airmass/17-09-2020_1900_639_196,1,16,158.0,10.0
/leonardo_scratch/fast/IscrC_SAME-D/airmass/17-09-2020_2000_639_196,1,16,161.0,9.0
/leonardo_scratch/fast/IscrC_SAME-D/airmass/17-09-2020_2100_639_196,1,16,163.0,7.0
/leonardo_scratch/fast/IscrC_SAME-D/airmass/17-09-2020_2200_639_196,1,16,165.0,6.0
/leonardo_scratch/fast/IscrC_SAME-D/airmass/17-09-2020_2300_639_196,1,16,168.0,4.0
/leonardo_scratch/fast/IscrC_SAME-D/airmass/18-09-2020_0000_639_196,1,16,171.0,3.0
/leonardo_scratch/fast/IscrC_SAME-D/airmass/18-09-2020_0100_639_196,1,16,174.0,2.0
/leonardo_scratch/fast/IscrC_SAME-D/airmass/18-09-2020_0200_639_196,1,16,178.0,1.0
/leonardo_scratch/fast/IscrC_SAME-D/airmass/18-09-2020_0300_639_196,1,16,181.0,0.0
/leonardo_scratch/fast/IscrC_SAME-D/airmass/18-09-2020_0400_639_196,1,16,,
/leonardo_scratch/fast/IscrC_SAME-D/airmass/18-09-2020_1600_639_196,1,16,193.0,1.0
/leonardo_scratch/fast/IscrC_SAME-D/airmass/13-12-2020_1700_639_196,1,16,,
/leonardo_scratch/fast/IscrC_SAME-D/airmass/13-12-2020_1700_852_196,1,16,14.0,49.0
/leonardo_scratch/fast/IscrC_SAME-D/airmass/13-12-2020_1800_852_196,1,16,21.0,49.0
/leonardo_scratch/fast/IscrC_SAME-D/airmass/13-12-2020_1900_852_196,1,16,31.0,50.0
/leonardo_scratch/fast/IscrC_SAME-D/airmass/13-12-2020_2000_852_196,1,16,44.0,51.0
/leonardo_scratch/fast/IscrC_SAME-D/airmass/13-12-2020_2100_852_196,1,16,54.0,51.0
/leonardo_scratch/fast/IscrC_SAME-D/airmass/13-12-2020_2200_852_196,1,16,59.0,50.0
/leonardo_scratch/fast/IscrC_SAME-D/airmass/13-12-2020_2300_852_196,1,16,62.0,48.0
/leonardo_scratch/fast/IscrC_SAME-D/airmass/14-12-2020_0000_852_196,1,16,65.0,46.0
/leonardo_scratch/fast/IscrC_SAME-D/airmass/14-12-2020_0100_852_196,1,16,70.0,45.0
/leonardo_scratch/fast/IscrC_SAME-D/airmass/14-12-2020_0200_852_196,1,16,76.0,45.0
/leonardo_scratch/fast/IscrC_SAME-D/airmass/14-12-2020_0300_852_196,1,16,81.0,46.0
/leonardo_scratch/fast/IscrC_SAME-D/airmass/14-12-2020_0400_852_196,1,16,86.0,47.0
/leonardo_scratch/fast/IscrC_SAME-D/airmass/14-12-2020_0500_852_196,1,16,91.0,48.0
/leonardo_scratch/fast/IscrC_SAME-D/airmass/14-12-2020_0600_852_196,1,16,96.0,48.0
/leonardo_scratch/fast/IscrC_SAME-D/airmass/14-12-2020_0700_852_196,1,16,101.0,49.0
/leonardo_scratch/fast/IscrC_SAME-D/airmass/14-12-2020_0800_852_196,1,16,108.0,50.0
/leonardo_scratch/fast/IscrC_SAME-D/airmass/14-12-2020_0900_852_196,1,16,115.0,51.0
/leonardo_scratch/fast/IscrC_SAME-D/airmass/14-12-2020_1000_852_196,1,16,122.0,53.0
/leonardo_scratch/fast/IscrC_SAME-D/airmass/14-12-2020_1100_852_196,1,16,128.0,56.0
/leonardo_scratch/fast/IscrC_SAME-D/airmass/14-12-2020_1200_852_196,1,16,133.0,59.0
/leonardo_scratch/fast/IscrC_SAME-D/airmass/14-12-2020_1300_852_196,1,16,138.0,61.0
/leonardo_scratch/fast/IscrC_SAME-D/airmass/14-12-2020_1400_852_196,1,16,143.0,63.0
/leonardo_scratch/fast/IscrC_SAME-D/airmass/14-12-2020_1500_852_196,1,16,149.0,67.0
/leonardo_scratch/fast/IscrC_SAME-D/airmass/14-12-2020_1600_852_196,1,16,155.0,71.0
/leonardo_scratch/fast/IscrC_SAME-D/airmass/14-12-2020_1700_852_196,1,16,164.0,78.0
/leonardo_scratch/fast/IscrC_SAME-D/airmass/14-12-2020_1800_852_196,1,16,176.0,88.0
/leonardo_scratch/fast/IscrC_SAME-D/airmass/14-12-2020_1900_852_196,1,16,189.0,98.0
/leonardo_scratch/fast/IscrC_SAME-D/airmass/14-12-2020_2000_852_196,1,16,203.0,105.0
/leonardo_scratch/fast/IscrC_SAME-D/airmass/14-12-2020_2100_852_196,1,16,215.0,108.0
/leonardo_scratch/fast/IscrC_SAME-D/airmass/14-12-2020_2200_852_196,1,16,,
/leonardo_scratch/fast/IscrC_SAME-D/airmass/14-12-2020_2100_1065_196,1,16,2.0,108.0
/leonardo_scratch/fast/IscrC_SAME-D/airmass/14-12-2020_2200_1065_196,1,16,14.0,110.0
/leonardo_scratch/fast/IscrC_SAME-D/airmass/14-12-2020_2300_1065_196,1,16,24.0,112.0
/leonardo_scratch/fast/IscrC_SAME-D/airmass/15-12-2020_0000_1065_196,1,16,33.0,114.0
/leonardo_scratch/fast/IscrC_SAME-D/airmass/15-12-2020_0100_1065_196,1,16,42.0,116.0
/leonardo_scratch/fast/IscrC_SAME-D/airmass/15-12-2020_0200_1065_196,1,16,49.0,116.0
/leonardo_scratch/fast/IscrC_SAME-D/airmass/15-12-2020_0300_1065_196,1,16,56.0,117.0
/leonardo_scratch/fast/IscrC_SAME-D/airmass/15-12-2020_0400_1065_196,1,16,62.0,116.0
/leonardo_scratch/fast/IscrC_SAME-D/airmass/15-12-2020_0500_1065_196,1,16,68.0,116.0
/leonardo_scratch/fast/IscrC_SAME-D/airmass/15-12-2020_0600_1065_196,1,16,74.0,117.0
/leonardo_scratch/fast/IscrC_SAME-D/airmass/15-12-2020_0700_1065_196,1,16,80.0,118.0
/leonardo_scratch/fast/IscrC_SAME-D/airmass/15-12-2020_0800_1065_196,1,16,87.0,118.0
/leonardo_scratch/fast/IscrC_SAME-D/airmass/15-12-2020_0900_1065_196,1,16,94.0,117.0
/leonardo_scratch/fast/IscrC_SAME-D/airmass/15-12-2020_1000_1065_196,1,16,101.0,116.0
/leonardo_scratch/fast/IscrC_SAME-D/airmass/15-12-2020_1100_1065_196,1,16,108.0,114.0
/leonardo_scratch/fast/IscrC_SAME-D/airmass/15-12-2020_1200_1065_196,1,16,114.0,113.0
/leonardo_scratch/fast/IscrC_SAME-D/airmass/15-12-2020_1300_1065_196,1,16,119.0,111.0
/leonardo_scratch/fast/IscrC_SAME-D/airmass/15-12-2020_1400_1065_196,1,16,124.0,110.0
/leonardo_scratch/fast/IscrC_SAME-D/airmass/15-12-2020_1500_1065_196,1,16,127.0,108.0
/leonardo_scratch/fast/IscrC_SAME-D/airmass/15-12-2020_1600_1065_196,1,16,129.0,105.0
/leonardo_scratch/fast/IscrC_SAME-D/airmass/15-12-2020_1700_1065_196,1,16,131.0,104.0
/leonardo_scratch/fast/IscrC_SAME-D/airmass/15-12-2020_1800_1065_196,1,16,131.0,102.0
/leonardo_scratch/fast/IscrC_SAME-D/airmass/16-12-2020_0100_1065_196,1,16,149.0,101.0
/leonardo_scratch/fast/IscrC_SAME-D/airmass/16-12-2020_0200_1065_196,1,16,151.0,101.0
/leonardo_scratch/fast/IscrC_SAME-D/airmass/16-12-2020_0300_1065_196,1,16,153.0,102.0
/leonardo_scratch/fast/IscrC_SAME-D/airmass/16-12-2020_0400_1065_196,1,16,154.0,103.0
/leonardo_scratch/fast/IscrC_SAME-D/airmass/16-12-2020_0500_1065_196,1,16,155.0,104.0
/leonardo_scratch/fast/IscrC_SAME-D/airmass/16-12-2020_0600_1065_196,1,16,156.0,105.0
/leonardo_scratch/fast/IscrC_SAME-D/airmass/16-12-2020_0700_1065_196,1,16,158.0,106.0
/leonardo_scratch/fast/IscrC_SAME-D/airmass/16-12-2020_0800_1065_196,1,16,159.0,107.0
/leonardo_scratch/fast/IscrC_SAME-D/airmass/16-12-2020_0900_1065_196,1,16,161.0,107.0
/leonardo_scratch/fast/IscrC_SAME-D/airmass/16-12-2020_1000_1065_196,1,16,164.0,108.0
/leonardo_scratch/fast/IscrC_SAME-D/airmass/16-12-2020_1100_1065_196,1,16,166.0,108.0
/leonardo_scratch/fast/IscrC_SAME-D/airmass/16-12-2020_1200_1065_196,1,16,169.0,108.0
/leonardo_scratch/fast/IscrC_SAME-D/airmass/16-12-2020_1300_1065_196,1,16,172.0,109.0
/leonardo_scratch/fast/IscrC_SAME-D/airmass/25-12-2020_1900_426_0,1,16,74.0,61.0
/leonardo_scratch/fast/IscrC_SAME-D/airmass/25-12-2020_2000_426_0,1,16,74.0,63.0
/leonardo_scratch/fast/IscrC_SAME-D/airmass/25-12-2020_2100_426_0,1,16,74.0,67.0
/leonardo_scratch/fast/IscrC_SAME-D/airmass/25-12-2020_2200_426_0,1,16,74.0,72.0
/leonardo_scratch/fast/IscrC_SAME-D/airmass/25-12-2020_2300_426_0,1,16,75.0,78.0
/leonardo_scratch/fast/IscrC_SAME-D/airmass/26-12-2020_0000_426_0,1,16,77.0,85.0
/leonardo_scratch/fast/IscrC_SAME-D/airmass/26-12-2020_0100_426_0,1,16,81.0,92.0
/leonardo_scratch/fast/IscrC_SAME-D/airmass/26-12-2020_0200_426_0,1,16,85.0,99.0
/leonardo_scratch/fast/IscrC_SAME-D/airmass/26-12-2020_0300_426_0,1,16,89.0,103.0
/leonardo_scratch/fast/IscrC_SAME-D/airmass/26-12-2020_0400_426_0,1,16,94.0,107.0
/leonardo_scratch/fast/IscrC_SAME-D/airmass/26-12-2020_0500_426_0,1,16,98.0,110.0
/leonardo_scratch/fast/IscrC_SAME-D/airmass/26-12-2020_0600_426_0,1,16,103.0,114.0
/leonardo_scratch/fast/IscrC_SAME-D/airmass/26-12-2020_0700_426_0,1,16,107.0,117.0
/leonardo_scratch/fast/IscrC_SAME-D/airmass/26-12-2020_0800_426_0,1,16,112.0,121.0
/leonardo_scratch/fast/IscrC_SAME-D/airmass/26-12-2020_0900_426_0,1,16,117.0,126.0
/leonardo_scratch/fast/IscrC_SAME-D/airmass/26-12-2020_1000_426_0,1,16,123.0,132.0
/leonardo_scratch/fast/IscrC_SAME-D/airmass/26-12-2020_1100_426_0,1,16,130.0,137.0
/leonardo_scratch/fast/IscrC_SAME-D/airmass/26-12-2020_1200_426_0,1,16,137.0,141.0
/leonardo_scratch/fast/IscrC_SAME-D/airmass/26-12-2020_1800_426_0,1,16,169.0,151.0
/leonardo_scratch/fast/IscrC_SAME-D/airmass/26-12-2020_1900_426_0,1,16,172.0,153.0
/leonardo_scratch/fast/IscrC_SAME-D/airmass/26-12-2020_2000_426_0,1,16,174.0,155.0
/leonardo_scratch/fast/IscrC_SAME-D/airmass/26-12-2020_2100_426_0,1,16,177.0,158.0
/leonardo_scratch/fast/IscrC_SAME-D/airmass/26-12-2020_2200_426_0,1,16,180.0,161.0
/leonardo_scratch/fast/IscrC_SAME-D/airmass/26-12-2020_2300_426_0,1,16,184.0,162.0
/leonardo_scratch/fast/IscrC_SAME-D/airmass/27-12-2020_0000_426_0,1,16,190.0,162.0
/leonardo_scratch/fast/IscrC_SAME-D/airmass/27-12-2020_0100_426_0,1,16,204.0,165.0
/leonardo_scratch/fast/IscrC_SAME-D/airmass/27-12-2020_0200_426_0,1,16,,
/leonardo_scratch/fast/IscrC_SAME-D/airmass/28-10-2021_1300_639_196,1,16,58.0,64.0
/leonardo_scratch/fast/IscrC_SAME-D/airmass/28-10-2021_1400_639_196,1,16,59.0,70.0
/leonardo_scratch/fast/IscrC_SAME-D/airmass/28-10-2021_1500_639_196,1,16,59.0,70.0
/leonardo_scratch/fast/IscrC_SAME-D/airmass/28-10-2021_1600_639_196,1,16,59.0,70.0
/leonardo_scratch/fast/IscrC_SAME-D/airmass/28-10-2021_1700_639_196,1,16,59.0,70.0
/leonardo_scratch/fast/IscrC_SAME-D/airmass/28-10-2021_1800_639_196,1,16,66.0,70.0
/leonardo_scratch/fast/IscrC_SAME-D/airmass/28-10-2021_1900_639_196,1,16,59.0,70.0
/leonardo_scratch/fast/IscrC_SAME-D/airmass/28-10-2021_2000_639_196,1,16,58.0,64.0
/leonardo_scratch/fast/IscrC_SAME-D/airmass/28-10-2021_2100_639_196,1,16,58.0,64.0
/leonardo_scratch/fast/IscrC_SAME-D/airmass/28-10-2021_2200_639_196,1,16,72.0,57.0
/leonardo_scratch/fast/IscrC_SAME-D/airmass/28-10-2021_2300_639_196,1,16,72.0,57.0
/leonardo_scratch/fast/IscrC_SAME-D/airmass/29-10-2021_0000_639_196,1,16,71.0,50.0
/leonardo_scratch/fast/IscrC_SAME-D/airmass/29-10-2021_0100_639_196,1,16,64.0,50.0
/leonardo_scratch/fast/IscrC_SAME-D/airmass/29-10-2021_0200_639_196,1,16,64.0,50.0
/leonardo_scratch/fast/IscrC_SAME-D/airmass/29-10-2021_0300_639_196,1,16,64.0,50.0
/leonardo_scratch/fast/IscrC_SAME-D/airmass/29-10-2021_0400_639_196,1,16,63.0,44.0
/leonardo_scratch/fast/IscrC_SAME-D/airmass/29-10-2021_0500_639_196,1,16,63.0,44.0
/leonardo_scratch/fast/IscrC_SAME-D/airmass/29-10-2021_0600_639_196,1,16,63.0,44.0
/leonardo_scratch/fast/IscrC_SAME-D/airmass/29-10-2021_0700_639_196,1,16,62.0,37.0
/leonardo_scratch/fast/IscrC_SAME-D/airmass/29-10-2021_0800_639_196,1,16,62.0,37.0
/leonardo_scratch/fast/IscrC_SAME-D/airmass/29-10-2021_0900_639_196,1,16,55.0,37.0
/leonardo_scratch/fast/IscrC_SAME-D/airmass/29-10-2021_1000_639_196,1,16,55.0,37.0
/leonardo_scratch/fast/IscrC_SAME-D/airmass/29-10-2021_1100_639_196,1,16,55.0,37.0
/leonardo_scratch/fast/IscrC_SAME-D/airmass/29-10-2021_1200_639_196,1,16,55.0,37.0
/leonardo_scratch/fast/IscrC_SAME-D/airmass/29-10-2021_1300_639_196,1,16,55.0,37.0
/leonardo_scratch/fast/IscrC_SAME-D/airmass/29-10-2021_1400_639_196,1,16,55.0,37.0
/leonardo_scratch/fast/IscrC_SAME-D/airmass/29-10-2021_1500_639_196,1,16,62.0,37.0
/leonardo_scratch/fast/IscrC_SAME-D/airmass/29-10-2021_1600_639_196,1,16,62.0,37.0
/leonardo_scratch/fast/IscrC_SAME-D/airmass/29-10-2021_1700_639_196,1,16,62.0,37.0
/leonardo_scratch/fast/IscrC_SAME-D/airmass/29-10-2021_1800_639_196,1,16,62.0,37.0
/leonardo_scratch/fast/IscrC_SAME-D/airmass/29-10-2021_1900_639_196,1,16,62.0,37.0
/leonardo_scratch/fast/IscrC_SAME-D/airmass/29-10-2021_2000_639_196,1,16,62.0,37.0
/leonardo_scratch/fast/IscrC_SAME-D/airmass/29-10-2021_2100_639_196,1,16,62.0,37.0
/leonardo_scratch/fast/IscrC_SAME-D/airmass/29-10-2021_2200_639_196,1,16,69.0,37.0
/leonardo_scratch/fast/IscrC_SAME-D/airmass/29-10-2021_2300_639_196,1,16,69.0,37.0
/leonardo_scratch/fast/IscrC_SAME-D/airmass/30-10-2021_0000_639_196,1,16,70.0,44.0
/leonardo_scratch/fast/IscrC_SAME-D/airmass/30-10-2021_0100_639_196,1,16,70.0,44.0
/leonardo_scratch/fast/IscrC_SAME-D/airmass/30-10-2021_0200_639_196,1,16,70.0,44.0
/leonardo_scratch/fast/IscrC_SAME-D/airmass/30-10-2021_0300_639_196,1,16,70.0,44.0
/leonardo_scratch/fast/IscrC_SAME-D/airmass/30-10-2021_0400_639_196,1,16,71.0,50.0
/leonardo_scratch/fast/IscrC_SAME-D/airmass/30-10-2021_0500_639_196,1,16,78.0,50.0
/leonardo_scratch/fast/IscrC_SAME-D/airmass/30-10-2021_0600_639_196,1,16,79.0,57.0
/leonardo_scratch/fast/IscrC_SAME-D/airmass/30-10-2021_0700_639_196,1,16,79.0,57.0
/leonardo_scratch/fast/IscrC_SAME-D/airmass/30-10-2021_0800_639_196,1,16,87.0,64.0
/leonardo_scratch/fast/IscrC_SAME-D/airmass/30-10-2021_0900_639_196,1,16,87.0,64.0
/leonardo_scratch/fast/IscrC_SAME-D/airmass/30-10-2021_1000_639_196,1,16,95.0,71.0
/leonardo_scratch/fast/IscrC_SAME-D/airmass/30-10-2021_1100_639_196,1,16,95.0,71.0
/leonardo_scratch/fast/IscrC_SAME-D/airmass/08-11-2021_1900_426_0,1,16,11.0,181.0
/leonardo_scratch/fast/IscrC_SAME-D/airmass/08-11-2021_2000_426_0,1,16,11.0,181.0
/leonardo_scratch/fast/IscrC_SAME-D/airmass/08-11-2021_2100_426_0,1,16,11.0,181.0
/leonardo_scratch/fast/IscrC_SAME-D/airmass/08-11-2021_2200_426_0,1,16,18.0,181.0
/leonardo_scratch/fast/IscrC_SAME-D/airmass/08-11-2021_2300_426_0,1,16,18.0,181.0
/leonardo_scratch/fast/IscrC_SAME-D/airmass/09-11-2021_0000_426_0,1,16,18.0,181.0
/leonardo_scratch/fast/IscrC_SAME-D/airmass/09-11-2021_0100_426_0,1,16,18.0,181.0
/leonardo_scratch/fast/IscrC_SAME-D/airmass/09-11-2021_0200_426_0,1,16,18.0,181.0
/leonardo_scratch/fast/IscrC_SAME-D/airmass/09-11-2021_0300_426_0,1,16,18.0,181.0
/leonardo_scratch/fast/IscrC_SAME-D/airmass/09-11-2021_0400_426_0,1,16,18.0,181.0
/leonardo_scratch/fast/IscrC_SAME-D/airmass/09-11-2021_0500_426_0,1,16,18.0,181.0
/leonardo_scratch/fast/IscrC_SAME-D/airmass/27-02-2023_2100_213_0,1,16,164.0,156.0
/leonardo_scratch/fast/IscrC_SAME-D/airmass/27-02-2023_2200_213_0,1,16,171.0,156.0
/leonardo_scratch/fast/IscrC_SAME-D/airmass/27-02-2023_2300_213_0,1,16,171.0,150.0
/leonardo_scratch/fast/IscrC_SAME-D/airmass/28-02-2023_0000_213_0,1,16,171.0,150.0
/leonardo_scratch/fast/IscrC_SAME-D/airmass/28-02-2023_0100_213_0,1,16,172.0,144.0
/leonardo_scratch/fast/IscrC_SAME-D/airmass/28-02-2023_0200_213_0,1,16,172.0,144.0
/leonardo_scratch/fast/IscrC_SAME-D/airmass/28-02-2023_0300_213_0,1,16,165.0,144.0
/leonardo_scratch/fast/IscrC_SAME-D/airmass/28-02-2023_0400_213_0,1,16,165.0,144.0
/leonardo_scratch/fast/IscrC_SAME-D/airmass/28-02-2023_0500_213_0,1,16,158.0,150.0
/leonardo_scratch/fast/IscrC_SAME-D/airmass/28-02-2023_0600_213_0,1,16,158.0,150.0
/leonardo_scratch/fast/IscrC_SAME-D/airmass/28-02-2023_0700_213_0,1,16,157.0,156.0
/leonardo_scratch/fast/IscrC_SAME-D/airmass/28-02-2023_0800_213_0,1,16,157.0,156.0
/leonardo_scratch/fast/IscrC_SAME-D/airmass/28-02-2023_0900_213_0,1,16,156.0,162.0
/leonardo_scratch/fast/IscrC_SAME-D/airmass/28-02-2023_1000_213_0,1,16,163.0,162.0
/leonardo_scratch/fast/IscrC_SAME-D/airmass/28-02-2023_1100_213_0,1,16,163.0,162.0
/leonardo_scratch/fast/IscrC_SAME-D/airmass/28-02-2023_1200_213_0,1,16,163.0,169.0
/leonardo_scratch/fast/IscrC_SAME-D/airmass/28-02-2023_1300_213_0,1,16,170.0,168.0
/leonardo_scratch/fast/IscrC_SAME-D/airmass/28-02-2023_1400_213_0,1,16,176.0,175.0
/leonardo_scratch/fast/IscrC_SAME-D/airmass/28-02-2023_1500_213_0,1,16,176.0,175.0
/leonardo_scratch/fast/IscrC_SAME-D/airmass/28-02-2023_1600_213_0,1,16,183.0,181.0
/leonardo_scratch/fast/IscrC_SAME-D/airmass/28-02-2023_1700_213_0,1,16,197.0,181.0
/leonardo_scratch/fast/IscrC_SAME-D/airmass/28-02-2023_1800_213_0,1,16,203.0,181.0
/leonardo_scratch/fast/IscrC_SAME-D/airmass/28-02-2023_1900_213_0,1,16,210.0,181.0
/leonardo_scratch/fast/IscrC_SAME-D/airmass/28-02-2023_2000_213_0,1,16,,
/leonardo_scratch/fast/IscrC_SAME-D/airmass/28-02-2023_2000_426_0,1,16,11.0,181.0
/leonardo_scratch/fast/IscrC_SAME-D/airmass/28-02-2023_2100_426_0,1,16,18.0,181.0
/leonardo_scratch/fast/IscrC_SAME-D/airmass/28-02-2023_2200_426_0,1,16,25.0,181.0
/leonardo_scratch/fast/IscrC_SAME-D/airmass/28-02-2023_2300_426_0,1,16,32.0,187.0
/leonardo_scratch/fast/IscrC_SAME-D/airmass/01-03-2023_0000_426_0,1,16,39.0,187.0
/leonardo_scratch/fast/IscrC_SAME-D/airmass/01-03-2023_0100_426_0,1,16,46.0,187.0
/leonardo_scratch/fast/IscrC_SAME-D/airmass/01-03-2023_0200_426_0,1,16,53.0,187.0
/leonardo_scratch/fast/IscrC_SAME-D/airmass/01-03-2023_0300_426_0,1,16,67.0,187.0
/leonardo_scratch/fast/IscrC_SAME-D/airmass/01-03-2023_0400_426_0,1,16,67.0,180.0
/leonardo_scratch/fast/IscrC_SAME-D/airmass/01-03-2023_0500_426_0,1,16,81.0,180.0
/leonardo_scratch/fast/IscrC_SAME-D/airmass/01-03-2023_0600_426_0,1,16,81.0,174.0
/leonardo_scratch/fast/IscrC_SAME-D/airmass/01-03-2023_0700_426_0,1,16,88.0,174.0
/leonardo_scratch/fast/IscrC_SAME-D/airmass/01-03-2023_0800_426_0,1,16,88.0,168.0
/leonardo_scratch/fast/IscrC_SAME-D/airmass/01-03-2023_0900_426_0,1,16,95.0,162.0
/leonardo_scratch/fast/IscrC_SAME-D/airmass/01-03-2023_1000_426_0,1,16,102.0,162.0
/leonardo_scratch/fast/IscrC_SAME-D/airmass/01-03-2023_1100_426_0,1,16,102.0,156.0
/leonardo_scratch/fast/IscrC_SAME-D/airmass/01-03-2023_1200_426_0,1,16,109.0,149.0
/leonardo_scratch/fast/IscrC_SAME-D/airmass/01-03-2023_1300_426_0,1,16,109.0,149.0
/leonardo_scratch/fast/IscrC_SAME-D/airmass/01-03-2023_1400_426_0,1,16,109.0,143.0
/leonardo_scratch/fast/IscrC_SAME-D/airmass/01-03-2023_1500_426_0,1,16,109.0,143.0
/leonardo_scratch/fast/IscrC_SAME-D/airmass/01-03-2023_1600_426_0,1,16,109.0,143.0
/leonardo_scratch/fast/IscrC_SAME-D/airmass/01-03-2023_1700_426_0,1,16,115.0,143.0
/leonardo_scratch/fast/IscrC_SAME-D/airmass/01-03-2023_1800_426_0,1,16,115.0,143.0
/leonardo_scratch/fast/IscrC_SAME-D/airmass/01-03-2023_1900_426_0,1,16,115.0,137.0
/leonardo_scratch/fast/IscrC_SAME-D/airmass/01-03-2023_2000_426_0,1,16,115.0,137.0
/leonardo_scratch/fast/IscrC_SAME-D/airmass/01-03-2023_2100_426_0,1,16,115.0,131.0
/leonardo_scratch/fast/IscrC_SAME-D/airmass/01-03-2023_2200_426_0,1,16,115.0,131.0
/leonardo_scratch/fast/IscrC_SAME-D/airmass/01-03-2023_2300_426_0,1,16,115.0,131.0
/leonardo_scratch/fast/IscrC_SAME-D/airmass/02-03-2023_0000_426_0,1,16,115.0,131.0
/leonardo_scratch/fast/IscrC_SAME-D/airmass/02-03-2023_0100_426_0,1,16,122.0,131.0
/leonardo_scratch/fast/IscrC_SAME-D/airmass/02-03-2023_0200_426_0,1,16,122.0,131.0
/leonardo_scratch/fast/IscrC_SAME-D/airmass/02-03-2023_0300_426_0,1,16,122.0,131.0
/leonardo_scratch/fast/IscrC_SAME-D/airmass/02-03-2023_0400_426_0,1,16,122.0,131.0
/leonardo_scratch/fast/IscrC_SAME-D/airmass/02-03-2023_0500_426_0,1,16,129.0,131.0
/leonardo_scratch/fast/IscrC_SAME-D/airmass/02-03-2023_0600_426_0,1,16,129.0,131.0
/leonardo_scratch/fast/IscrC_SAME-D/airmass/02-03-2023_0700_426_0,1,16,129.0,131.0
/leonardo_scratch/fast/IscrC_SAME-D/airmass/02-03-2023_0800_426_0,1,16,129.0,131.0
/leonardo_scratch/fast/IscrC_SAME-D/airmass/02-03-2023_0900_426_0,1,16,129.0,125.0
/leonardo_scratch/fast/IscrC_SAME-D/airmass/02-03-2023_1000_426_0,1,16,129.0,125.0
/leonardo_scratch/fast/IscrC_SAME-D/airmass/02-03-2023_1100_426_0,1,16,122.0,119.0
/leonardo_scratch/fast/IscrC_SAME-D/airmass/02-03-2023_1200_426_0,1,16,121.0,113.0
/leonardo_scratch/fast/IscrC_SAME-D/airmass/02-03-2023_1300_426_0,1,16,121.0,113.0
/leonardo_scratch/fast/IscrC_SAME-D/airmass/05-09-2023_0600_639_196,1,16,161.0,32.0
/leonardo_scratch/fast/IscrC_SAME-D/airmass/05-09-2023_0700_639_196,1,16,161.0,32.0
/leonardo_scratch/fast/IscrC_SAME-D/airmass/05-09-2023_0800_639_196,1,16,154.0,32.0
/leonardo_scratch/fast/IscrC_SAME-D/airmass/05-09-2023_0900_639_196,1,16,148.0,39.0
/leonardo_scratch/fast/IscrC_SAME-D/airmass/05-09-2023_1000_639_196,1,16,148.0,39.0
/leonardo_scratch/fast/IscrC_SAME-D/airmass/05-09-2023_1100_639_196,1,16,140.0,38.0
/leonardo_scratch/fast/IscrC_SAME-D/airmass/05-09-2023_1200_639_196,1,16,141.0,45.0
/leonardo_scratch/fast/IscrC_SAME-D/airmass/05-09-2023_1300_639_196,1,16,134.0,45.0
/leonardo_scratch/fast/IscrC_SAME-D/airmass/05-09-2023_1400_639_196,1,16,134.0,45.0
/leonardo_scratch/fast/IscrC_SAME-D/airmass/05-09-2023_1500_639_196,1,16,128.0,51.0
/leonardo_scratch/fast/IscrC_SAME-D/airmass/05-09-2023_1600_639_196,1,16,129.0,58.0
/leonardo_scratch/fast/IscrC_SAME-D/airmass/05-09-2023_1700_639_196,1,16,129.0,58.0
/leonardo_scratch/fast/IscrC_SAME-D/airmass/05-09-2023_1800_639_196,1,16,129.0,58.0
/leonardo_scratch/fast/IscrC_SAME-D/airmass/05-09-2023_1900_639_196,1,16,123.0,65.0
/leonardo_scratch/fast/IscrC_SAME-D/airmass/05-09-2023_2000_639_196,1,16,124.0,71.0
/leonardo_scratch/fast/IscrC_SAME-D/airmass/05-09-2023_2100_639_196,1,16,124.0,71.0
/leonardo_scratch/fast/IscrC_SAME-D/airmass/05-09-2023_2200_639_196,1,16,124.0,71.0
/leonardo_scratch/fast/IscrC_SAME-D/airmass/05-09-2023_2300_639_196,1,16,125.0,78.0
/leonardo_scratch/fast/IscrC_SAME-D/airmass/06-09-2023_0000_639_196,1,16,125.0,78.0
/leonardo_scratch/fast/IscrC_SAME-D/airmass/06-09-2023_0100_639_196,1,16,132.0,78.0
/leonardo_scratch/fast/IscrC_SAME-D/airmass/06-09-2023_0200_639_196,1,16,132.0,78.0
/leonardo_scratch/fast/IscrC_SAME-D/airmass/06-09-2023_0300_639_196,1,16,132.0,78.0
/leonardo_scratch/fast/IscrC_SAME-D/airmass/06-09-2023_0400_639_196,1,16,133.0,85.0
/leonardo_scratch/fast/IscrC_SAME-D/airmass/06-09-2023_0500_639_196,1,16,133.0,85.0
/leonardo_scratch/fast/IscrC_SAME-D/airmass/06-09-2023_0600_639_196,1,16,126.0,85.0
/leonardo_scratch/fast/IscrC_SAME-D/airmass/06-09-2023_0700_639_196,1,16,125.0,78.0
/leonardo_scratch/fast/IscrC_SAME-D/airmass/06-09-2023_0800_639_196,1,16,126.0,85.0
/leonardo_scratch/fast/IscrC_SAME-D/airmass/06-09-2023_0900_639_196,1,16,126.0,85.0
/leonardo_scratch/fast/IscrC_SAME-D/airmass/06-09-2023_1000_639_196,1,16,117.0,78.0
/leonardo_scratch/fast/IscrC_SAME-D/airmass/06-09-2023_1100_639_196,1,16,110.0,78.0
/leonardo_scratch/fast/IscrC_SAME-D/airmass/06-09-2023_1200_639_196,1,16,117.0,78.0
/leonardo_scratch/fast/IscrC_SAME-D/airmass/06-09-2023_1300_639_196,1,16,110.0,78.0
/leonardo_scratch/fast/IscrC_SAME-D/airmass/06-09-2023_1400_639_196,1,16,110.0,78.0
/leonardo_scratch/fast/IscrC_SAME-D/airmass/06-09-2023_1500_639_196,1,16,110.0,78.0
/leonardo_scratch/fast/IscrC_SAME-D/airmass/06-09-2023_1600_639_196,1,16,110.0,78.0
/leonardo_scratch/fast/IscrC_SAME-D/airmass/06-09-2023_1700_639_196,1,16,111.0,84.0
/leonardo_scratch/fast/IscrC_SAME-D/airmass/06-09-2023_1800_639_196,1,16,104.0,84.0
/leonardo_scratch/fast/IscrC_SAME-D/airmass/06-09-2023_1900_639_196,1,16,104.0,84.0
/leonardo_scratch/fast/IscrC_SAME-D/airmass/06-09-2023_2000_639_196,1,16,105.0,91.0
/leonardo_scratch/fast/IscrC_SAME-D/airmass/06-09-2023_2100_639_196,1,16,105.0,91.0
/leonardo_scratch/fast/IscrC_SAME-D/airmass/06-09-2023_2200_639_196,1,16,105.0,98.0
/leonardo_scratch/fast/IscrC_SAME-D/airmass/06-09-2023_2300_639_196,1,16,105.0,98.0
/leonardo_scratch/fast/IscrC_SAME-D/airmass/07-09-2023_0000_639_196,1,16,105.0,98.0
/leonardo_scratch/fast/IscrC_SAME-D/airmass/07-09-2023_0100_639_196,1,16,113.0,98.0
/leonardo_scratch/fast/IscrC_SAME-D/airmass/07-09-2023_0200_639_196,1,16,114.0,105.0
/leonardo_scratch/fast/IscrC_SAME-D/airmass/07-09-2023_0300_639_196,1,16,120.0,98.0
/leonardo_scratch/fast/IscrC_SAME-D/airmass/07-09-2023_0400_639_196,1,16,121.0,105.0
/leonardo_scratch/fast/IscrC_SAME-D/airmass/07-09-2023_0500_639_196,1,16,128.0,105.0
/leonardo_scratch/fast/IscrC_SAME-D/airmass/07-09-2023_0600_639_196,1,16,128.0,105.0
/leonardo_scratch/fast/IscrC_SAME-D/airmass/07-09-2023_0700_639_196,1,16,128.0,105.0
/leonardo_scratch/fast/IscrC_SAME-D/airmass/07-09-2023_0800_639_196,1,16,128.0,105.0
/leonardo_scratch/fast/IscrC_SAME-D/airmass/07-09-2023_1800_639_196,1,16,157.0,99.0
/leonardo_scratch/fast/IscrC_SAME-D/airmass/07-09-2023_1900_639_196,1,16,148.0,92.0
/leonardo_scratch/fast/IscrC_SAME-D/airmass/07-09-2023_2100_639_196,1,16,148.0,92.0
/leonardo_scratch/fast/IscrC_SAME-D/airmass/07-09-2023_2200_639_196,1,16,157.0,99.0
/leonardo_scratch/fast/IscrC_SAME-D/airmass/07-09-2023_2300_639_196,1,16,156.0,92.0
/leonardo_scratch/fast/IscrC_SAME-D/airmass/08-09-2023_0100_639_196,1,16,141.0,92.0
/leonardo_scratch/fast/IscrC_SAME-D/airmass/08-09-2023_0200_639_196,1,16,148.0,92.0
/leonardo_scratch/fast/IscrC_SAME-D/airmass/08-09-2023_0600_639_196,1,16,127.0,98.0
/leonardo_scratch/fast/IscrC_SAME-D/airmass/08-09-2023_0700_639_196,1,16,119.0,91.0
/leonardo_scratch/fast/IscrC_SAME-D/airmass/08-09-2023_0800_639_196,1,16,127.0,98.0
/leonardo_scratch/fast/IscrC_SAME-D/airmass/08-09-2023_0900_639_196,1,16,120.0,98.0
/leonardo_scratch/fast/IscrC_SAME-D/airmass/08-09-2023_1000_639_196,1,16,127.0,98.0
/leonardo_scratch/fast/IscrC_SAME-D/airmass/08-09-2023_1100_639_196,1,16,112.0,91.0
/leonardo_scratch/fast/IscrC_SAME-D/airmass/08-09-2023_1200_639_196,1,16,112.0,91.0
/leonardo_scratch/fast/IscrC_SAME-D/airmass/08-09-2023_1300_639_196,1,16,119.0,91.0
/leonardo_scratch/fast/IscrC_SAME-D/airmass/08-09-2023_1400_639_196,1,16,119.0,91.0
/leonardo_scratch/fast/IscrC_SAME-D/airmass/08-09-2023_1500_639_196,1,16,113.0,98.0
/leonardo_scratch/fast/IscrC_SAME-D/airmass/08-09-2023_1600_639_196,1,16,113.0,98.0
/leonardo_scratch/fast/IscrC_SAME-D/airmass/08-09-2023_1700_639_196,1,16,113.0,98.0
/leonardo_scratch/fast/IscrC_SAME-D/airmass/08-09-2023_1800_639_196,1,16,106.0,105.0
/leonardo_scratch/fast/IscrC_SAME-D/airmass/08-09-2023_1900_639_196,1,16,106.0,105.0
/leonardo_scratch/fast/IscrC_SAME-D/airmass/08-09-2023_2000_639_196,1,16,106.0,105.0
/leonardo_scratch/fast/IscrC_SAME-D/airmass/08-09-2023_2100_639_196,1,16,114.0,112.0
/leonardo_scratch/fast/IscrC_SAME-D/airmass/08-09-2023_2200_639_196,1,16,108.0,119.0
/leonardo_scratch/fast/IscrC_SAME-D/airmass/08-09-2023_2300_639_196,1,16,108.0,119.0
/leonardo_scratch/fast/IscrC_SAME-D/airmass/09-09-2023_0000_639_196,1,16,115.0,119.0
/leonardo_scratch/fast/IscrC_SAME-D/airmass/09-09-2023_0100_639_196,1,16,116.0,126.0
/leonardo_scratch/fast/IscrC_SAME-D/airmass/09-09-2023_0200_639_196,1,16,123.0,126.0
/leonardo_scratch/fast/IscrC_SAME-D/airmass/09-09-2023_0300_639_196,1,16,123.0,126.0
/leonardo_scratch/fast/IscrC_SAME-D/airmass/09-09-2023_0400_639_196,1,16,123.0,126.0
/leonardo_scratch/fast/IscrC_SAME-D/airmass/09-09-2023_0500_639_196,1,16,131.0,126.0
/leonardo_scratch/fast/IscrC_SAME-D/airmass/09-09-2023_0600_639_196,1,16,131.0,126.0
/leonardo_scratch/fast/IscrC_SAME-D/airmass/09-09-2023_0700_639_196,1,16,131.0,126.0
/leonardo_scratch/fast/IscrC_SAME-D/airmass/09-09-2023_0800_639_196,1,16,131.0,126.0
/leonardo_scratch/fast/IscrC_SAME-D/airmass/09-09-2023_0900_639_196,1,16,132.0,133.0
/leonardo_scratch/fast/IscrC_SAME-D/airmass/09-09-2023_1000_639_196,1,16,139.0,133.0
/leonardo_scratch/fast/IscrC_SAME-D/airmass/09-09-2023_1100_639_196,1,16,138.0,126.0
/leonardo_scratch/fast/IscrC_SAME-D/airmass/09-09-2023_1200_639_196,1,16,146.0,133.0
/leonardo_scratch/fast/IscrC_SAME-D/airmass/09-09-2023_1300_639_196,1,16,146.0,133.0
/leonardo_scratch/fast/IscrC_SAME-D/airmass/09-09-2023_1400_639_196,1,16,146.0,133.0
/leonardo_scratch/fast/IscrC_SAME-D/airmass/09-09-2023_1500_639_196,1,16,154.0,133.0
/leonardo_scratch/fast/IscrC_SAME-D/airmass/09-09-2023_1600_639_196,1,16,155.0,140.0
/leonardo_scratch/fast/IscrC_SAME-D/airmass/09-09-2023_1700_639_196,1,16,162.0,140.0
/leonardo_scratch/fast/IscrC_SAME-D/airmass/09-09-2023_1800_639_196,1,16,162.0,140.0
/leonardo_scratch/fast/IscrC_SAME-D/airmass/09-09-2023_1900_639_196,1,16,171.0,148.0
/leonardo_scratch/fast/IscrC_SAME-D/airmass/09-09-2023_2000_639_196,1,16,171.0,148.0
/leonardo_scratch/fast/IscrC_SAME-D/airmass/09-09-2023_2100_639_196,1,16,178.0,148.0
/leonardo_scratch/fast/IscrC_SAME-D/airmass/09-09-2023_2200_639_196,1,16,178.0,148.0
/leonardo_scratch/fast/IscrC_SAME-D/airmass/09-09-2023_2300_639_196,1,16,186.0,148.0
/leonardo_scratch/fast/IscrC_SAME-D/airmass/10-09-2023_0000_639_196,1,16,186.0,148.0
/leonardo_scratch/fast/IscrC_SAME-D/airmass/10-09-2023_0100_639_196,1,16,193.0,148.0
/leonardo_scratch/fast/IscrC_SAME-D/airmass/10-09-2023_0200_639_196,1,16,193.0,148.0
